vendor,product,iot,kev,1d,1d_uniq_ip,7d,30d,90d,history,cve,total,last_seen
Atlassian,Confluence,True,True,57051,15.0,39361,38777,39377,{},CVE-2022-26134,8673465,2025-05-06 12:52:58.577189
JetBrains,TeamCity,True,True,26677,2.0,8998,18719,18200,{},CVE-2023-42793,3539068,2025-05-06 12:52:58.601533
JetBrains,TeamCity,True,True,21190,28.0,6248,3528,3259,"{'05/05/2025': {'connections': 21190, 'uniq_ips': 28}}",CVE-2024-27198,477370,2025-05-05 12:51:43.905161
Cisco,Cisco IOS XE,True,True,13222,319.0,5002,5052,5681,{},CVE-2023-20198,1228053,2025-05-06 12:52:58.490352
QNAP,QNAP QTS and QuTS Hero,True,True,9209,32.0,9209,9209,9209,"{'15/03/2025': {'connections': 9209, 'uniq_ips': 32}}",CVE-2023-50358,11618,2025-03-15 12:41:21.721835
Citrix,Citrix ADC and Citrix Gateway,True,True,9083,26.0,1907,935,908,{},CVE-2023-4966,258587,2025-05-06 12:52:58.556274
Check Point,Check Point Security Gateway,True,True,7601,46.0,1340,1577,1807,{},CVE-2024-24919,314918,2025-05-06 12:52:58.615475
PHPUnit - Sebastian Bergmann,PHPUnit,True,True,7328,139.0,8077,8480,15396,{},CVE-2017-9841,5191035,2025-05-06 12:52:58.604813
Huawei,Huawei Home Gateway HG532,True,True,6880,1165.0,6483,7700,11628,{},CVE-2017-17215,6578354,2025-05-06 12:52:58.522759
TP-Link,TP-Link Archer AX21,True,True,6352,2.0,2302,686,360,{},CVE-2023-1389,996181,2025-05-06 12:52:58.528377
NextGen Healthcare,Mirth Connect,True,True,6161,2.0,3617,7513,7344,{},CVE-2023-37679,646279,2025-05-06 12:52:58.467655
ConnectWise,ScreenConnect,True,True,5685,26.0,1435,741,527,"{'05/05/2025': {'connections': 5685, 'uniq_ips': 26}}",CVE-2024-1709,82136,2025-05-05 12:51:44.018615
Synacor,Zimbra Collaboration Suite,True,True,5620,36.0,1017,1229,1503,"{'05/05/2025': {'connections': 5620, 'uniq_ips': 36}}",CVE-2022-37042,626936,2025-05-05 12:51:43.895455
Geoserver,Geoserver,True,True,2938,5.0,2774,2703,2869,{},CVE-2024-36401,397008,2025-05-06 12:52:58.624901
Belkin,Wemo,True,True,2798,368.0,804,730,706,{},CVE-2019-12780,199390,2025-05-06 12:52:58.552589
Ivanti,Ivanti Secure Connect and Policy Secure,True,True,2336,2.0,985,763,1790,{},CVE-2024-21887,481317,2025-05-06 12:52:58.498213
Apache,Struts,True,True,2277,1.0,2277,2277,2277,"{'21/12/2024': {'connections': 2277, 'uniq_ips': 1}}",CVE-2024-53677,2277,2024-12-21 12:39:56.606715
SonicWall,SonicOS,True,True,2051,28.0,539,202,302,{},CVE-2024-53704,13564,2025-05-06 12:52:58.576873
OpenMetadata,OpenMetadata,True,True,1775,2.0,369,131,246,{},CVE-2024-28255,26595,2025-05-06 12:52:58.557758
Citrix,Citrix ADC and Citrix Gateway,True,True,1255,33.0,354,2805,4089,{},CVE-2023-24488,511807,2025-05-06 12:52:58.581243
Apache,Log4j,True,True,1108,15.0,2899,2900,6311,{},CVE-2021-44228,1147845,2025-05-06 12:52:58.606293
D-Link,"D-Link DNS-320, DNS-320LW, DNS-325 and DNS-340L",True,True,1060,15.0,396,244,223,{},CVE-2024-10914,18979,2025-05-06 12:52:58.483466
Realtek,Realtek SDK,True,True,911,400.0,932,1025,1628,{},CVE-2014-8361,673569,2025-05-06 12:52:58.542209
ASUS,GT-AC2900,True,True,757,4.0,900,914,1315,{},CVE-2021-32030,418500,2025-05-06 12:52:58.571808
PrimeFaces,PrimeTek,True,True,731,3.0,380,203,346,{},CVE-2017-1000486,36287,2025-05-06 12:52:58.559265
Microsoft,Exchange,True,True,726,13.0,376,364,536,{},CVE-2021-26855,115216,2025-05-06 12:52:58.580204
LB-LINK,"LB-LINK BL-AC1900_2.0, LB-LINK BL-WR9000, LB-LINK BL-X26, LB-LINK BL-LTE300",True,True,609,22.0,185,5366,2882,"{'05/05/2025': {'connections': 609, 'uniq_ips': 22}}",CVE-2023-26801,1107374,2025-05-05 12:51:44.000242
Ollama,Ollama,True,True,603,2.0,123,66,156,{},CVE-2024-37032,12505,2025-05-06 12:52:58.543865
Telesquare,Telesquare SDT-CW3B1,True,True,590,15.0,317,225,259,{},CVE-2021-46422,31398,2025-05-06 12:52:58.492063
Metabase,Metabase,True,True,556,81.0,534,504,684,{},CVE-2023-38646,262099,2025-05-06 12:52:58.521482
Apache,Apache HTTP Server,True,True,525,135.0,565,505,585,{},CVE-2021-42013,254923,2025-05-06 12:52:58.577462
R-HUB,TurboMeeting,True,True,512,2.0,160,58,107,{},CVE-2024-38289,7555,2025-05-06 12:52:58.588570
TBK,TBK DVR-4104/DVR-4216,True,True,497,14.0,381,462,686,{},CVE-2024-3721,91251,2025-05-06 12:52:58.537600
JEECG,jeecg-boot,True,True,487,2.0,156,56,137,{},CVE-2024-48307,9829,2025-05-06 12:52:58.554662
Dasan,Dasan GPON Home Router,True,True,434,395.0,427,584,905,{},CVE-2018-10562,170637,2025-05-06 12:52:58.502445
SonicWall,SonicOS,True,True,431,105.0,803,3083,4013,{},CVE-2022-22274,468277,2025-05-06 12:52:58.479326
FOG Project,FOG,True,True,416,2.0,98,43,76,{},CVE-2024-39914,6184,2025-05-06 12:52:58.562579
Fortinet,FortiOS,True,True,380,5.0,4825,4630,5026,{},CVE-2018-13379,981213,2025-05-06 12:52:58.630950
D-Link,D-Link DAR-7000 and DAR-8000,True,True,374,2.0,87,33,79,{},CVE-2023-5148,6190,2025-05-06 12:52:58.591180
Ivanti,Ivanti EPM,True,True,370,2.0,94,82,88,{},CVE-2024-13161,2904,2025-05-06 12:52:58.543059
Wordpress,Wordpress NotificationX plugin,True,True,369,2.0,110,35,65,{},CVE-2024-1698,6128,2025-05-06 12:52:58.500748
Wordpress,Wordpress HTML5 Video Player plugin,True,True,366,2.0,109,33,62,{},CVE-2024-1061,6354,2025-05-06 12:52:58.629794
Adones Pitogo,angular-base64-upload,True,True,364,2.0,94,40,79,{},CVE-2024-42640,6590,2025-05-06 12:52:58.584322
Zyxel,Eir D1000,True,True,364,350.0,364,325,325,{},CVE-2016-10372,74802,2025-05-06 12:52:58.524993
Ericsson,CodeChecker,True,True,360,2.0,155,35,83,{},CVE-2024-10081,6692,2025-05-06 12:52:58.617878
Ivanti,Ivanti EPM,True,True,351,2.0,89,86,122,{},CVE-2024-13159,4271,2025-05-06 12:52:58.565891
Ivanti,Ivanti EPM,True,True,347,2.0,88,127,114,{},CVE-2024-13160,4102,2025-05-06 12:52:58.600037
Progress,Telerik Report Server,True,True,322,2.0,97,50,84,{},CVE-2024-4358,10118,2025-05-06 12:52:58.527533
Palo Alto Networks,PAN-OS,True,True,301,20.0,567,487,853,{},CVE-2025-0108,68203,2025-05-06 12:52:58.511415
WyreStorm,WyreStorm Apollo VX20,True,True,298,14.0,276,206,177,{},CVE-2024-25735,15819,2025-05-06 12:52:58.597202
Progress,Kemp LoadMaster,True,True,298,14.0,271,209,155,{},CVE-2024-1212,13277,2025-05-06 12:52:58.596760
Fortra,GoAnywhere MFT,True,True,297,14.0,274,232,160,{},CVE-2024-0204,21747,2025-05-06 12:52:58.596557
XWiki,XWiki Platform,True,True,297,14.0,276,183,183,{},CVE-2025-24893,2568,2025-05-06 12:52:58.610902
Guangzhou Yingke Electronic Technology,Ncast,True,True,296,14.0,275,209,163,{},CVE-2024-0305,14690,2025-05-06 12:52:58.599807
Wordpress,Wordpress Automatic plugin,True,True,296,14.0,272,205,153,{},CVE-2024-27954,11116,2025-05-06 12:52:58.591415
APsystems,Altenergy Power Control Software,True,True,295,14.0,272,205,143,{},CVE-2024-11305,10196,2025-05-06 12:52:58.611554
Zyxel,Zyxel NAS326,True,True,284,2.0,60,28,57,{},CVE-2024-29973,13279,2025-05-06 12:52:58.532730
Qualitor,Qualitor ITSM,True,True,283,2.0,71,30,71,{},CVE-2024-44849,6120,2025-05-06 12:52:58.603970
Wordpress,Wordpress Automatic plugin,True,True,278,2.0,86,27,56,{},CVE-2024-27956,3563,2025-05-06 12:52:58.618706
MASA CMS,MASA CMS,True,True,271,2.0,84,28,59,{},CVE-2024-32640,5384,2025-05-06 12:52:58.601745
Ivanti,Ivanti EPM,True,True,255,2.0,69,1672,2594,{},CVE-2024-29824,140807,2025-05-06 12:52:58.597825
Aviatrix,Aviatrix Network Controller,True,True,252,2.0,59,28,65,{},CVE-2024-50603,3056,2025-05-06 12:52:58.616764
Progress,WhatsUp Gold,True,True,250,1.0,64,30,67,{},CVE-2024-4885,4372,2025-05-06 12:52:58.556704
Apache,OFBiz,True,True,236,2.0,69,30,62,{},CVE-2024-45507,3882,2025-05-06 12:52:58.488005
Zyxel/Billion,"ZyXEL P660HN-T1A v1, ZyXEL P660HN-T1A v2, Billion 5200W-T",True,True,215,17.0,183,783,569,{},CVE-2017-18368,148010,2025-05-06 12:52:58.520003
D-Link,"D-Link DIR-645, DAP-1522 revB, DAP-1650 revB, DIR-880L, DIR-865L, DIR-860L revA, DIR-860L revB DIR-815 revB, DIR-300 revB, DIR-600 revB, DIR-645, TEW-751DR, TEW-733GR",True,True,184,176.0,175,163,182,"{'05/05/2025': {'connections': 184, 'uniq_ips': 176}}",CVE-2015-2051,68378,2025-05-05 12:51:43.989354
GitLab,GitLab CE/EE,True,True,170,10.0,170,170,170,"{'31/08/2024': {'connections': 170, 'uniq_ips': 10}, '01/09/2024': {'connections': 170, 'uniq_ips': 10}}",CVE-2021-22205,174,2024-09-01 12:01:11.434075
Cisco,Cisco IOS,True,True,170,3.0,86,58,252,{},CVE-2001-0537,31506,2025-05-06 12:52:58.501389
PHP Foundation,PHP (PHP-CGI),True,True,162,4.0,114,1196,1087,{},CVE-2024-4577,191959,2025-05-06 12:52:58.507085
Atlassian,JIRA,True,True,154,4.0,42,17,14,"{'30/04/2025': {'connections': 154, 'uniq_ips': 4}}",CVE-2019-8442,1087,2025-04-30 12:50:02.410490
VMWare,vCenter Server,True,True,152,4.0,56,25,15,"{'30/04/2025': {'connections': 152, 'uniq_ips': 4}}",CVE-2021-21972,1209,2025-04-30 12:50:02.401789
SonicWall,SonicOS,True,True,143,99.0,267,1028,1335,{},CVE-2023-0656,153203,2025-05-06 12:52:58.499485
GitLab,GitLab CE/EE,True,True,139,3.0,38,16,11,"{'30/04/2025': {'connections': 139, 'uniq_ips': 3}}",CVE-2021-22214,1003,2025-04-30 12:50:02.348294
Oracle,GlassFish,True,True,139,4.0,33,16,12,"{'30/04/2025': {'connections': 139, 'uniq_ips': 4}}",CVE-2017-1000028,931,2025-04-30 12:50:02.419900
Netgear,NETGEAR R/D Series Routers,True,True,136,129.0,128,112,113,"{'04/05/2025': {'connections': 136, 'uniq_ips': 129}}",CVE-2016-6277,14294,2025-05-04 12:46:29.931775
Atlassian,Confluence,True,True,134,3.0,326,672,1387,{},CVE-2023-22527,260516,2025-05-06 12:52:58.618075
Amcrest,Amcrest IPM-721S,True,True,97,1.0,52,41,65,"{'04/05/2025': {'connections': 97, 'uniq_ips': 1}}",CVE-2017-8226,7483,2025-05-04 12:46:29.870488
D-Link,D-Link DIR-816/DIR-816A2,True,True,81,1.0,81,81,81,"{'10/10/2024': {'connections': 81, 'uniq_ips': 1}}",CVE-2021-39509,81,2024-10-10 12:43:46.553857
Dell,Dell EMC Avamar Server and Dell EMC Integrated Data Protection Appliance,True,True,71,1.0,71,46,42,"{'04/04/2025': {'connections': 71, 'uniq_ips': 1}}",CVE-2018-1217,254,2025-04-04 12:48:48.497300
Edimax,Edimax IC-7100,True,True,64,1.0,42,42,42,"{'24/03/2025': {'connections': 64, 'uniq_ips': 1}}",CVE-2025-1316,83,2025-03-24 12:49:41.339134
DedeCMS,DedeCMS,True,True,60,1.0,78,45,29,"{'02/05/2025': {'connections': 60, 'uniq_ips': 1}}",CVE-2018-7700,3069,2025-05-02 12:49:30.166907
Likeshop,Likeshop,True,True,58,2.0,19,9,11,{},CVE-2024-0352,1662,2025-05-06 12:52:58.468539
Master,Master IP CAM 01,True,True,57,3.0,57,57,57,"{'07/01/2025': {'connections': 57, 'uniq_ips': 3}}",CVE-2019-8387,57,2025-01-07 12:45:21.722942
Teltonika,Teltonika RUT9XX series,True,True,57,1.0,57,37,55,"{'04/05/2025': {'connections': 57, 'uniq_ips': 1}}",CVE-2018-17532,15453,2025-05-04 12:46:29.907050
PHPSHE,PHPSHE,True,True,56,1.0,187,105,70,"{'02/05/2025': {'connections': 56, 'uniq_ips': 1}}",CVE-2019-9762,4580,2025-05-02 12:49:30.101500
Cisco,Cisco RV320/RV325,True,True,53,41.0,74,60,90,{},CVE-2019-1653,16982,2025-05-06 12:52:58.481202
ASUS,ASUSWRT,True,True,51,1.0,51,51,51,"{'13/10/2024': {'connections': 51, 'uniq_ips': 1}}",CVE-2018-20334,51,2024-10-13 12:40:14.933009
TRENDnet,TRENDnet TEW-652BRP,True,True,51,1.0,51,51,51,"{'13/10/2024': {'connections': 51, 'uniq_ips': 1}}",CVE-2023-0611,51,2024-10-13 12:40:14.968297
Fortinet,"FortiOS, FortiProxy, and FortiSwitchManager",True,True,49,4.0,4324,4885,5349,{},CVE-2022-40684,622832,2025-05-06 12:52:58.532117
Rebuild,Rebuild,True,True,44,1.0,44,44,30,{},CVE-2024-1021,184,2025-05-06 12:52:58.606514
Draytek,"Draytek Vigor3900, Vigor2960, Vigor300B",True,True,41,1.0,41,41,41,"{'13/10/2024': {'connections': 41, 'uniq_ips': 1}}",CVE-2020-10826,41,2024-10-13 12:40:14.988179
Cisco,Cisco RV320/RV325,True,True,41,1.0,41,41,41,"{'13/10/2024': {'connections': 41, 'uniq_ips': 1}}",CVE-2019-1652,41,2024-10-13 12:40:14.946179
Juniper,Junos OS (J-Web),True,True,36,2.0,36,21,21,"{'21/04/2025': {'connections': 36, 'uniq_ips': 2}}",CVE-2023-36845,472,2025-04-21 12:49:09.981813
Apache,Solr,True,True,30,4.0,10,7,5,"{'30/04/2025': {'connections': 30, 'uniq_ips': 4}}",CVE-2019-0193,118,2025-04-30 12:50:02.355708
ThoughtWorks,GoCD,True,True,30,1.0,62,33,23,"{'02/05/2025': {'connections': 30, 'uniq_ips': 1}}",CVE-2021-43287,2220,2025-05-02 12:49:30.116206
Apache,Tomcat,True,True,27,1.0,20,453,218,{},CVE-2025-24813,5885,2025-05-06 12:52:58.518374
CrushFTP,CrushFTP,True,True,27,2.0,496,2448,4770,{},CVE-2025-2825,176479,2025-05-06 12:52:58.515422
Comtrend,Comtrend VR-3033,True,True,26,1.0,29,29,29,"{'30/03/2025': {'connections': 26, 'uniq_ips': 1}}",CVE-2020-10173,1347,2025-03-30 12:43:33.178696
LG,SuperSign CMS,True,True,26,1.0,47,47,47,"{'22/02/2025': {'connections': 26, 'uniq_ips': 1}}",CVE-2018-17173,191,2025-02-22 12:39:18.596863
Atlassian,Confluence,True,True,26,1.0,1101,4088,6780,{},CVE-2021-26084,1450429,2025-05-06 12:52:58.618524
Totolink,Totolink A3300R,True,True,25,1.0,59,64,64,"{'20/02/2025': {'connections': 25, 'uniq_ips': 1}}",CVE-2024-24329,354,2025-02-20 12:45:23.150073
Synacor,Zimbra Collaboration Suite,True,True,24,4.0,52,276,754,"{'01/05/2025': {'connections': 24, 'uniq_ips': 4}}",CVE-2019-9670,314855,2025-05-01 12:49:11.647938
Totolink,Totolink A3300R,True,True,24,1.0,59,64,64,"{'20/02/2025': {'connections': 24, 'uniq_ips': 1}}",CVE-2024-24328,353,2025-02-20 12:45:23.152561
Apache,nan,True,True,22,2.0,9,4,3,"{'06/03/2025': {'connections': 22, 'uniq_ips': 2}}",CVE-2023-33246,3737,2025-03-06 12:46:50.001746
ownCloud,ownCloud,True,True,22,11.0,459,660,471,{},CVE-2023-49103,168832,2025-05-06 12:52:58.474841
"Open Source Matters, Inc/Joomla community",Joomla,True,True,20,11.0,448,645,332,{},CVE-2023-23752,115774,2025-05-06 12:52:58.619364
FlexPaper (Flowpaper),FlexPaper (Flowpaper),True,True,18,1.0,32,13,13,"{'01/05/2025': {'connections': 18, 'uniq_ips': 1}}",CVE-2018-11686,1015,2025-05-01 12:49:11.565014
Laravel,Ignition,True,True,16,4.0,81,499,976,{},CVE-2021-3129,172260,2025-05-06 12:52:58.498426
Oracle,Oracle Weblogic Server,True,True,15,1.0,160,983,945,"{'02/05/2025': {'connections': 15, 'uniq_ips': 1}}",CVE-2019-2725,109157,2025-05-02 12:49:30.107113
Wordpress,Wordpress Update Backup Restore & Monitoring plugin,True,True,15,5.0,15,15,15,"{'18/03/2025': {'connections': 15, 'uniq_ips': 5}}",CVE-2024-12209,15,2025-03-18 12:49:07.855121
Sonatype,Nexus Repository Manager,True,True,14,1.0,28,13,9,"{'01/05/2025': {'connections': 14, 'uniq_ips': 1}}",CVE-2020-10199,1008,2025-05-01 12:49:11.705237
Uniview,Uniview ISC 2500-S,True,True,12,1.0,41,29,36,"{'05/05/2025': {'connections': 12, 'uniq_ips': 1}}",CVE-2024-0778,2755,2025-05-05 12:51:43.968361
Adobe,ColdFusion,True,True,12,1.0,80,52,974,{},CVE-2021-21087,62372,2025-05-06 12:52:58.606733
Embedthis,GoAhead,True,True,12,1.0,12,12,12,"{'13/03/2025': {'connections': 12, 'uniq_ips': 1}}",CVE-2017-17562,12,2025-03-13 12:48:14.311821
TBK,DVR4104/DVR4216 and multiple re-branded versions,True,True,11,4.0,38,38,25,"{'05/05/2025': {'connections': 11, 'uniq_ips': 4}}",CVE-2018-9995,89325,2025-05-05 12:51:44.012949
DigiEver,DigiEver DS-2105 Pro,True,True,11,1.0,6,19,35,{},CVE-2023-52163,555,2025-05-06 12:52:58.538247
OpenDreamBox,Plugin WebAdmin,True,True,11,2.0,15,664,1597,{},CVE-2017-14135,149404,2025-05-06 12:52:58.564265
Microchip Technology (Microsemi),SyncServer,True,True,10,2.0,17,26,80,{},CVE-2022-40022,8503,2025-05-06 12:52:58.593500
GeoVision,GeoVision multiple EOL products,True,True,10,1.0,11,11,11,"{'08/04/2025': {'connections': 10, 'uniq_ips': 1}}",CVE-2024-11120,22,2025-04-08 12:50:16.193192
College Management System,College Management System v1.0,True,True,9,2.0,19,33,80,"{'04/05/2025': {'connections': 9, 'uniq_ips': 2}}",CVE-2022-28079,6944,2025-05-04 12:46:29.834718
Spring Boot Actuator Logview,Spring Boot Actuator Logview,True,True,8,1.0,208,89,215,{},CVE-2021-21234,26054,2025-05-06 12:52:58.529269
Apache,OFBiz,True,True,8,1.0,8,47,200,{},CVE-2023-50968,18619,2025-05-06 12:52:58.505582
Razer,Razer Sila,True,True,8,2.0,23,32,80,"{'04/05/2025': {'connections': 8, 'uniq_ips': 2}}",CVE-2022-29014,7253,2025-05-04 12:46:29.939574
HooToo,HooToo TripMate Titan HT-TM05 and HT-05 routers,True,True,8,1.0,8,8,8,"{'05/08/2024': {'connections': 8, 'uniq_ips': 1}, '06/08/2024': {'connections': 8, 'uniq_ips': 1}}",CVE-2018-20841,8,2024-08-06 06:01:20.183289
GFI,Kerio Control,True,True,8,1.0,101,49,289,{},CVE-2024-52875,10501,2025-05-06 12:52:58.517559
SolarWinds,SolarWinds Serv-U,True,True,8,5.0,41,75,152,"{'04/05/2025': {'connections': 8, 'uniq_ips': 5}}",CVE-2024-28995,242388,2025-05-04 12:46:29.961457
FiberHome,FiberHome ONU GPON AN550,True,True,8,1.0,8,8,8,"{'21/12/2024': {'connections': 8, 'uniq_ips': 1}}",CVE-2021-42912,8,2024-12-21 12:39:56.527574
NETGEAR,"WN604, WN802Tv2, WNAP210v2, WNAP320, WNDAP350, WNDAP360, and WNDAP660",True,True,7,3.0,4,122,239,{},CVE-2016-1555,30825,2025-05-06 12:52:58.532296
Totolink,Totolink Realtek SDK based routers,True,True,7,1.0,10,15,14,"{'17/04/2025': {'connections': 7, 'uniq_ips': 1}, '27/04/2025': {'connections': 7, 'uniq_ips': 1}, '28/04/2025': {'connections': 7, 'uniq_ips': 1}}",CVE-2019-19825,20353,2025-04-17 12:50:02.535271
Keysight Technologies,Sensor Management Server,True,True,7,1.0,9,12,18,"{'04/05/2025': {'connections': 7, 'uniq_ips': 1}}",CVE-2022-38130,432,2025-05-04 12:46:29.936119
D-Link,"D-Link DNS-320L, DNS-325, DNS-327L and DNS-340L",True,True,7,1.0,7,11,8,"{'21/04/2025': {'connections': 7, 'uniq_ips': 1}}",CVE-2024-3273,15968,2025-04-21 12:49:10.011332
Microsoft,Exchange,True,True,7,1.0,48,90,87,"{'02/05/2025': {'connections': 7, 'uniq_ips': 1}}",CVE-2021-34473,20249,2025-05-02 12:49:30.043844
Cockpit,Cockpit,True,True,7,2.0,6,394,1269,{},CVE-2020-35131,95026,2025-05-06 12:52:58.480992
Wordpress,Wordpress Duplicator plugin,True,True,7,2.0,40,20,85,"{'05/05/2025': {'connections': 7, 'uniq_ips': 2}}",CVE-2020-11738,10650,2025-05-05 12:51:43.930922
Palo Alto Networks,PAN-OS,True,True,7,6.0,45,17,77,{},CVE-2024-0012,22725,2025-05-06 12:52:58.522131
Next.js,Next.js,True,True,7,1.0,5,5,5,"{'26/04/2025': {'connections': 7, 'uniq_ips': 1}}",CVE-2025-29927,10,2025-04-26 12:44:01.198020
GLPI (teclib),GLPI,True,True,6,1.0,29,75,171,{},CVE-2022-35914,23187,2025-05-06 12:52:58.556881
Atlassian,Bitbucket,True,True,6,1.0,6,7,5,"{'30/04/2025': {'connections': 6, 'uniq_ips': 1}}",CVE-2022-36804,63,2025-04-30 12:50:02.351970
JetBrains,TeamCity,True,True,6,1.0,42,35,225,{},CVE-2024-27199,59258,2025-05-06 12:52:58.551323
Home Assistant,Home Assistance (Supervisor),True,True,6,1.0,97,105,393,{},CVE-2023-27482,83026,2025-05-06 12:52:58.623747
SaltStack,Salt,True,True,6,3.0,11,224,541,{},CVE-2020-16846,66817,2025-05-06 12:52:58.626167
PrestaShop,PrestaShop ApolloTheme AP PageBuilder module,True,True,6,1.0,44,173,1010,{},CVE-2022-22897,94715,2025-05-06 12:52:58.512980
F5,F5 Big-IP,True,True,6,1.0,73,743,2070,{},CVE-2020-5902,209960,2025-05-06 12:52:58.527329
Apache,OFBiz,True,True,6,1.0,7,353,720,{},CVE-2021-26295,61115,2025-05-06 12:52:58.598056
Zoho,ManageEngine ADSelfService Plus,True,True,6,1.0,38,124,353,{},CVE-2021-40539,53783,2025-05-06 12:52:58.504082
F5,BIG-IP,True,True,6,1.0,61,44,126,{},CVE-2023-46747,30973,2025-05-06 12:52:58.573055
Wordpress,Sitemap by click5 WordPress plugin,True,True,6,1.0,10,75,180,{},CVE-2022-0952,19336,2025-05-06 12:52:58.517142
F5,BIG-IP,True,True,5,1.0,40,161,378,{},CVE-2021-22986,53052,2025-05-06 12:52:58.569365
PHPGurukul,Hospital Management System,True,True,5,2.0,13,24,76,{},CVE-2020-22165,6982,2025-05-06 12:52:58.553650
Elastic,Elasticsearch,True,True,5,2.0,4,137,323,{},CVE-2015-1427,36482,2025-05-06 12:52:58.573888
F5,BIG-IP,True,True,5,2.0,58,134,211,{},CVE-2022-1388,45219,2025-05-06 12:52:58.540065
Atlassian,JIRA,True,True,5,2.0,24,19,89,{},CVE-2019-11581,12404,2025-05-06 12:52:58.528177
Wordpress,Wordpress WPCargo Track & Trace plugin,True,True,4,1.0,24,398,1204,{},CVE-2021-25003,82786,2025-05-06 12:52:58.572843
Metabase,Metabase,True,True,4,1.0,23,30,94,{},CVE-2021-41277,27708,2025-05-06 12:52:58.557342
AimStack,Aim,True,True,4,1.0,55,36,163,{},CVE-2024-6396,10948,2025-05-06 12:52:58.625547
Viessmann,Vitogate 300 BN/MB,True,True,4,1.0,25,25,96,{},CVE-2023-5222,7113,2025-05-06 12:52:58.475930
IBM,IBM Operational Decision Manager,True,True,4,1.0,2,9,82,"{'28/04/2025': {'connections': 4, 'uniq_ips': 1}}",CVE-2024-22320,5859,2025-04-28 13:00:15.686925
Atlassian,Confluence,True,True,4,1.0,2027,1090,1781,{},CVE-2023-22515,836446,2025-05-06 12:52:58.551968
Cisco,Cisco ASA and Cisco Firepower Threat Defense,True,True,4,1.0,70,82,113,{},CVE-2020-3452,21065,2025-05-06 12:52:58.599183
Draytek,VigorConnect,True,True,4,1.0,27,19,100,{},CVE-2021-20124,6006,2025-05-06 12:52:58.565121
VoIPmonitor,VoIPmonitor,True,True,4,1.0,4,4,3,"{'30/04/2025': {'connections': 4, 'uniq_ips': 1}}",CVE-2021-30461,93,2025-04-30 12:50:02.447105
Mitel,MiCollab,True,True,4,1.0,45,30,154,{},CVE-2024-41713,15988,2025-05-06 12:52:58.495378
MLflow,MLflow,True,True,4,1.0,33,59,182,{},CVE-2023-1177,18751,2025-05-06 12:52:58.559910
NETGEAR/NUUO,"NETGEAR ReadyNAS Surveillance, NUUO NVRmini, NUUO NVRsolo",True,True,4,1.0,6,318,849,{},CVE-2016-5674,82168,2025-05-06 12:52:58.490787
D-Link,D-Link DAP-1620,True,True,4,2.0,26,93,70,"{'03/05/2025': {'connections': 4, 'uniq_ips': 2}}",CVE-2021-46381,7647,2025-05-03 12:45:43.702856
Webmin,Webmin,True,True,4,1.0,5,216,563,{},CVE-2019-15642,43648,2025-05-06 12:52:58.584118
Splunk,Splunk,True,True,4,1.0,29,17,171,{},CVE-2018-11409,11226,2025-05-06 12:52:58.493252
Citrix,Application Delivery Controller,True,True,4,3.0,2685,2115,2529,{},CVE-2019-19781,389768,2025-05-06 12:52:58.508851
D-Link,"D-Link DIR-615, DIR-655C, DIR-825, DIR-835, DIR-855L, DIR-866L, DIR-652, DIR-862L, DHP-1565, DAP-1533",True,True,4,1.0,25,303,847,{},CVE-2019-16920,75635,2025-05-06 12:52:58.561509
Ivanti,"Endpoint Manager Mobile (EPMM), formerly MobileIron Core",True,True,4,4.0,741,705,509,"{'04/05/2025': {'connections': 4, 'uniq_ips': 4}}",CVE-2023-35082,60360,2025-05-04 12:46:29.902511
Ericsson-LG,iPECS NMS 30M,True,True,4,1.0,22,16,62,{},CVE-2018-15138,9274,2025-05-06 12:52:58.569968
Eaton,Intelligent Power Manager,True,True,4,1.0,28,20,54,{},CVE-2018-12031,9787,2025-05-06 12:52:58.533388
Wordpress,Wordpress Narnoo Distributor plugin,True,True,4,2.0,32,89,79,"{'03/05/2025': {'connections': 4, 'uniq_ips': 2}}",CVE-2022-0679,9242,2025-05-03 12:45:43.737809
QCubed,QCubed,True,True,4,1.0,3,401,1447,{},CVE-2020-24914,89732,2025-05-06 12:52:58.568653
Totolink,A3002RU,True,True,4,1.0,7,13,13,"{'27/04/2025': {'connections': 4, 'uniq_ips': 1}}",CVE-2018-13315,19341,2025-04-27 12:44:28.080970
Artica,Artica Web Proxy,True,True,4,1.0,21,181,606,{},CVE-2020-17506,47640,2025-05-06 12:52:58.598266
UniSharp,Laravel Filemanager,True,True,4,1.0,3,2,2,"{'16/04/2025': {'connections': 4, 'uniq_ips': 1}, '19/04/2025': {'connections': 4, 'uniq_ips': 1}, '20/04/2025': {'connections': 4, 'uniq_ips': 1}}",CVE-2022-40734,90,2025-04-16 12:50:28.750753
Hongdian,H8922,True,True,4,1.0,4,282,430,{},CVE-2021-28151,33044,2025-05-06 12:52:58.526247
Monitorr,Monitorr,True,True,4,1.0,21,169,574,{},CVE-2023-26775,53474,2025-05-06 12:52:58.591631
Draytek,VigorConnect,True,True,4,1.0,28,18,103,{},CVE-2021-20123,6300,2025-05-06 12:52:58.556074
Spring,Spring Data Commons,True,True,4,1.0,24,267,643,{},CVE-2018-1273,64307,2025-05-06 12:52:58.530414
Ghost,Ghost,True,True,4,1.0,30,18,101,{},CVE-2023-32235,7124,2025-05-06 12:52:58.586243
Totolink,TOTOLINK Realtek SDK based routers,True,True,4,1.0,14,95,270,{},CVE-2019-19824,45711,2025-05-06 12:52:58.589455
Linear,eMerge E3-Series,True,True,4,1.0,23,14,170,{},CVE-2022-46381,11119,2025-05-06 12:52:58.498851
Kirona,Kirona Dynamic Resource Scheduling (DRS),True,True,4,1.0,28,14,208,{},CVE-2019-17503,10437,2025-05-06 12:52:58.468750
Palo Alto Networks,PAN-OS,True,True,4,2.0,16,29,174,"{'05/05/2025': {'connections': 4, 'uniq_ips': 1}}",CVE-2024-9474,48272,2025-05-05 12:51:44.007634
Linear,eMerge E3-Series,True,True,4,1.0,30,186,449,{},CVE-2019-7256,45466,2025-05-06 12:52:58.575188
Citrix,"Citrix ADC, Citrix Gateway, Citrix SDWAN WAN-OP",True,True,4,1.0,679,1462,2161,{},CVE-2020-8193,271024,2025-05-06 12:52:58.607628
NAKIVO,NAKIVO Backup & Replication,True,True,4,1.0,34,25,66,{},CVE-2024-48248,1993,2025-05-06 12:52:58.494097
Oracle,Oracle E-Business Suite (Oracle Web Applications Desktop Integrator),True,True,4,1.0,37,74,215,{},CVE-2022-21587,26430,2025-05-06 12:52:58.570434
Telos Alliance,Omnia MPX Node,True,True,4,1.0,30,19,100,{},CVE-2022-36642,7790,2025-05-06 12:52:58.485815
Wordpress,Wordpress Backup Migration plugin,True,True,4,2.0,2,2,3,"{'01/05/2025': {'connections': 4, 'uniq_ips': 2}, '02/05/2025': {'connections': 4, 'uniq_ips': 2}, '03/05/2025': {'connections': 4, 'uniq_ips': 2}, '04/05/2025': {'connections': 4, 'uniq_ips': 2}}",CVE-2023-6553,96,2025-05-01 12:49:11.594119
Node-RED,Node-RED-Dashboard,True,True,4,1.0,48,23,75,{},CVE-2021-3223,9184,2025-05-06 12:52:58.582115
Wordpress,Wordpress Duplicator/Duplicator Pro plugin,True,True,4,1.0,53,26,298,{},CVE-2023-6114,23316,2025-05-06 12:52:58.525789
Wordpress,Wordpress Secure Copy Content Protection and Content Locking plugin,True,True,4,1.0,4,245,422,{},CVE-2021-24931,42050,2025-05-06 12:52:58.567571
Ivanti,Ivanti CSA,True,True,4,3.0,306,272,576,{},CVE-2024-8963,92972,2025-05-06 12:52:58.517769
Wordpress,Wordpress Plugin drag-and-drop-multiple-file-upload-contact-form-7,True,True,4,1.0,14,199,514,{},CVE-2020-12800,45316,2025-05-06 12:52:58.576243
IceWarp,IceWarp Mail Server,True,True,4,1.0,27,15,97,{},CVE-2019-12593,9582,2025-05-06 12:52:58.562794
NextChat (ChatGPT-Next-Web),NextChat (ChatGPT-Next-Web),True,True,4,1.0,15,45,355,{},CVE-2023-49785,37580,2025-05-06 12:52:58.472708
Temenos,Temenos T24,True,True,4,1.0,27,20,102,{},CVE-2019-14251,9328,2025-05-06 12:52:58.539550
vBulletin,vBulletin,True,True,4,1.0,51,240,579,{},CVE-2020-17496,63533,2025-05-06 12:52:58.606998
Synacor,Zimbra Collaboration Suite,True,True,4,1.0,24,21,81,{},CVE-2013-7091,54764,2025-05-06 12:52:58.481382
Spring,Spring Cloud Netflix,True,True,4,1.0,13,20,394,{},CVE-2021-22053,36259,2025-05-06 12:52:58.565722
QNAP,QNAP QTS,True,True,4,1.0,4,3,3,"{'05/04/2025': {'connections': 4, 'uniq_ips': 1}}",CVE-2020-2507,1514,2025-04-05 12:42:37.842488
CyberPanel,CyberPanel,True,True,3,1.0,26,13,36,"{'03/05/2025': {'connections': 3, 'uniq_ips': 1}}",CVE-2024-32737,1188,2025-05-03 12:45:43.715469
Ivanti,Ivanti Secure Connect and Policy Secure,True,True,3,2.0,13,30,68,{},CVE-2023-46805,16110,2025-05-06 12:52:58.603044
ZTE,"ZTE F460,F660",True,True,3,1.0,9,15,10,"{'27/04/2025': {'connections': 3, 'uniq_ips': 1}}",CVE-2014-2321,818,2025-04-27 12:44:28.045616
NETGEAR,NETGEAR ReadyNAS Surveillance,True,True,3,1.0,11,10,51,"{'03/05/2025': {'connections': 3, 'uniq_ips': 1}}",CVE-2017-18378,4640,2025-05-03 12:45:43.766330
TerraMaster,TOS,True,True,3,2.0,139,595,1389,{},CVE-2020-35665,123923,2025-05-06 12:52:58.469198
Terramaster,TOS,True,True,3,1.0,8,7,16,"{'03/05/2025': {'connections': 3, 'uniq_ips': 1}}",CVE-2022-24990,1746,2025-05-03 12:45:43.690943
GeoServer,GeoServer,True,True,3,1.0,386,163,181,"{'03/05/2025': {'connections': 3, 'uniq_ips': 1}}",CVE-2023-43795,13992,2025-05-03 12:45:43.731930
NETGEAR,NETGEAR ProSafe FVS336Gv2/FVS336Gv3,True,True,3,2.0,35,56,134,"{'04/05/2025': {'connections': 3, 'uniq_ips': 2}}",CVE-2022-29383,12497,2025-05-04 12:46:29.896317
Citrix,Citrix SD-WAN and NetScaler SD-WAN,True,True,3,2.0,49,742,1245,{},CVE-2019-12987,135889,2025-05-06 12:52:58.574981
Dahua,Dahua (multiple products),True,True,3,2.0,3,145,118,{},CVE-2021-33044,10597,2025-05-06 12:52:58.607428
TopThink,ThinkPHP5,True,True,3,1.0,2,2,2,"{'28/04/2025': {'connections': 3, 'uniq_ips': 1}}",CVE-2018-20062,14,2025-04-28 13:00:15.685381
Pulse Secure,Pulse Secure VPN,True,True,3,2.0,391,540,1438,{},CVE-2019-11510,172139,2025-05-06 12:52:58.558207
Totolink,EX200,True,True,3,2.0,16,35,102,{},CVE-2021-43711,11288,2025-05-06 12:52:58.514997
Wordpress,Web To Print Shop : uDraw plugin,True,True,3,2.0,20,81,70,"{'03/05/2025': {'connections': 3, 'uniq_ips': 2}}",CVE-2022-0656,7299,2025-05-03 12:45:43.683866
Kubernetes,Kubernetes (Kubelet),True,True,3,1.0,21,18,90,"{'03/05/2025': {'connections': 3, 'uniq_ips': 1}}",CVE-2019-11248,10591,2025-05-03 12:45:43.671168
Seagate,BlackArmor NAS,True,True,3,2.0,3,773,1516,{},CVE-2014-3206,150940,2025-05-06 12:52:58.563015
Gradio,Gradio,True,True,3,1.0,26,34,96,{},CVE-2024-1561,31693,2025-05-06 12:52:58.593149
Ivanti,"Endpoint Manager Mobile (EPMM), formerly MobileIron Core",True,True,3,3.0,643,1037,979,"{'05/05/2025': {'connections': 3, 'uniq_ips': 3}}",CVE-2023-35078,156084,2025-05-05 12:51:43.910422
VMware,VMware View Planner 4.x,True,True,3,2.0,12,147,347,{},CVE-2021-21978,26620,2025-05-06 12:52:58.519354
Ivanti,"Endpoint Manager Mobile (EPMM), formerly MobileIron Core",True,True,3,3.0,215,277,286,"{'04/05/2025': {'connections': 3, 'uniq_ips': 3}, '05/05/2025': {'connections': 3, 'uniq_ips': 3}}",CVE-2023-35081,23180,2025-05-04 12:46:29.829570
Adobe,ColdFusion,True,True,3,1.0,41,144,151,"{'03/05/2025': {'connections': 3, 'uniq_ips': 1}}",CVE-2023-29298,11956,2025-05-03 12:45:43.700724
Wordpress,Wordpress Car Seller - Auto Classifieds Script plugin,True,True,2,1.0,2,142,256,{},CVE-2021-24285,17576,2025-05-06 12:52:58.473774
node-red-contrib-huemagic,node-red-contrib-huemagic (for Philips HUE,True,True,2,1.0,14,9,43,{},CVE-2021-25864,3321,2025-05-06 12:52:58.531890
Apache,Tika,True,True,2,1.0,2,147,370,{},CVE-2018-1335,32596,2025-05-06 12:52:58.485623
Netis,Netis routers multiple models,True,True,2,1.0,24,17,80,{},CVE-2024-48455,4982,2025-05-06 12:52:58.518831
Cisco,Cisco ASA and Cisco Firepower Threat Defense,True,True,2,1.0,15,23,29,{},CVE-2018-0296,4907,2025-05-06 12:52:58.516717
Atlassian,JIRA STAGIL Navigation for Jira - Menu & Themes plugin,True,True,2,1.0,15,9,97,{},CVE-2023-26256,5547,2025-05-06 12:52:58.542641
Tenda,Tenda AC11,True,True,2,1.0,3,159,191,{},CVE-2021-31755,15776,2025-05-06 12:52:58.568874
SecurePoint,SecurePoint UTM,True,True,2,1.0,16,31,72,{},CVE-2023-22620,6893,2025-05-06 12:52:58.552187
PrestaShop,NDK Design for PrestaShop,True,True,2,1.0,12,16,60,{},CVE-2023-46347,5888,2025-05-06 12:52:58.487371
Ruby Dragonfly,Ruby Dragonfly,True,True,2,1.0,19,25,56,{},CVE-2021-33564,6172,2025-05-06 12:52:58.526899
Cisco,HyperFlex HX,True,True,2,1.0,2,122,309,{},CVE-2021-1497,28637,2025-05-06 12:52:58.581903
Artica,Pandora FMS,True,True,2,1.0,15,8,18,{},CVE-2018-11222,4067,2025-05-06 12:52:58.540283
CyberPanel,CyberPanel,True,True,2,1.0,15,9,37,{},CVE-2024-32736,1360,2025-05-06 12:52:58.558849
Rejetto,Rejetto HTTP File Server,True,True,2,1.0,2,9,145,{},CVE-2024-23692,19067,2025-05-06 12:52:58.478708
Wordpress,Wordpress PayPlus Payment Gateway plugin,True,True,2,1.0,14,10,58,{},CVE-2024-6205,2506,2025-05-06 12:52:58.521710
Kramer,VIAware,True,True,2,1.0,3,115,126,{},CVE-2021-36356,13558,2025-05-06 12:52:58.557996
Jolokia,Jolokia,True,True,2,1.0,12,148,329,{},CVE-2018-1000130,29722,2025-05-06 12:52:58.486254
Wordpress,Wordpress Steveas WP Live Chat Shoutbox plugin,True,True,2,1.0,19,30,78,{},CVE-2023-1020,7310,2025-05-06 12:52:58.587523
GitLab,GitLab CE/EE,True,True,2,1.0,37,114,388,{},CVE-2021-4191,29340,2025-05-06 12:52:58.605678
Nagios,Nagios XI,True,True,2,1.0,34,115,292,{},CVE-2018-10737,28451,2025-05-06 12:52:58.489941
h20.ai,h20.ai Dashboard,True,True,2,1.0,17,15,73,{},CVE-2023-6038,7113,2025-05-06 12:52:58.506659
Palo Alto Networks,Palo Alto Expedition,True,True,2,1.0,20,14,52,{},CVE-2024-9463,3438,2025-05-06 12:52:58.474213
RudderStack,Rudder Server,True,True,2,1.0,2,17,65,{},CVE-2023-30625,5897,2025-05-06 12:52:58.530014
LOYTEC,LOYTEC LGATE-902,True,True,2,1.0,15,9,25,{},CVE-2018-14918,5382,2025-05-06 12:52:58.626413
Oracle,Oracle Access Manager (Oracle Fusion Middleware),True,True,2,1.0,33,15,99,{},CVE-2021-35587,10190,2025-05-06 12:52:58.610702
Hongdian,Hongdian H8922,True,True,2,1.0,2,160,369,{},CVE-2021-28149,19712,2025-05-06 12:52:58.494541
CyberPanel,CyberPanel,True,True,2,1.0,14,9,38,{},CVE-2024-32738,1325,2025-05-06 12:52:58.485404
WSO2,"WSO2 API Manager, WSO2 Identity Server, WSO2 Identity Server as Key Manager",True,True,2,1.0,14,8,71,{},CVE-2024-7097,6807,2025-05-06 12:52:58.540495
D-Link,"DIR-810L, DIR-820L/LW, DIR-826L, DIR-830L, DIR-836L",True,True,2,1.0,3,27,75,{},CVE-2021-45382,9052,2025-05-06 12:52:58.605271
Jellyfin,Jellyfin,True,True,2,1.0,42,16,39,{},CVE-2021-21402,3725,2025-05-06 12:52:58.491016
Penta Security,WAPPLES,True,True,2,1.0,14,33,137,{},CVE-2022-35413,13609,2025-05-06 12:52:58.574556
Wordpress,Patreon Wordpress plugin,True,True,2,1.0,15,8,39,{},CVE-2021-24227,3153,2025-05-06 12:52:58.591817
VMware,vRealize Operations Manager API,True,True,2,1.0,42,127,297,{},CVE-2021-21975,24752,2025-05-06 12:52:58.527744
Wordpress,Wordpress Woocommerce plugin,True,True,2,1.0,2,2,2,"{'14/02/2025': {'connections': 2, 'uniq_ips': 1}}",CVE-2021-32790,112,2025-02-14 12:42:51.715319
FlowiseAI,Flowise,True,True,2,1.0,24,17,88,{},CVE-2024-8181,9019,2025-05-06 12:52:58.509295
Squirrelly,Squirrelly,True,True,2,1.0,2,2,2,"{'15/09/2024': {'connections': 2, 'uniq_ips': 1}}",CVE-2021-32819,2,2024-09-15 12:39:34.627906
Sonlogger,Sonlogger,True,True,2,1.0,16,173,143,{},CVE-2021-27964,15586,2025-05-06 12:52:58.526050
IBM,IBM Operational Decision Manager,True,True,2,1.0,7,10,179,{},CVE-2024-22319,13228,2025-05-06 12:52:58.472073
SpectoLabs,HoverFly,True,True,2,1.0,18,16,57,{},CVE-2024-45388,3071,2025-05-06 12:52:58.607847
GLPI,GLPI,True,True,2,1.0,12,8,109,{},CVE-2021-39211,5303,2025-05-06 12:52:58.478489
Realtek,Realtek SDK,True,True,2,1.0,13,132,114,{},CVE-2021-35395,10117,2025-05-06 12:52:58.595536
Franklin Fueling Systems,Colibri Controller Module,True,True,2,1.0,12,8,34,{},CVE-2021-46417,3431,2025-05-06 12:52:58.608710
Yealink,Yealink Device Management (DM),True,True,2,1.0,14,9,39,{},CVE-2021-27561,4029,2025-05-06 12:52:58.518210
Apache,HugeGraph,True,True,2,1.0,2,13,51,{},CVE-2024-27348,5360,2025-05-06 12:52:58.521116
Dairy Farm Shop Management System,Dairy Farm Shop Management System v1.0,True,True,2,1.0,16,37,104,{},CVE-2022-29007,8821,2025-05-06 12:52:58.489470
Endress+Hauser,WirelessHART Fieldgate SWG70,True,True,2,2.0,46,255,387,"{'03/05/2025': {'connections': 2, 'uniq_ips': 2}, '05/05/2025': {'connections': 2, 'uniq_ips': 1}}",CVE-2018-16059,23979,2025-05-03 12:45:43.695986
CGit,CGit,True,True,2,1.0,13,9,19,{},CVE-2018-14912,3742,2025-05-06 12:52:58.575399
Vanna,Vanna,True,True,2,1.0,18,15,69,{},CVE-2024-5827,7167,2025-05-06 12:52:58.558639
acmailer,acmailer,True,True,2,1.0,2,2,2,"{'06/12/2024': {'connections': 2, 'uniq_ips': 1}}",CVE-2021-20617,2,2024-12-06 12:48:30.294971
Adobe,ColdFusion,True,True,2,1.0,17,15,60,{},CVE-2024-20767,6377,2025-05-06 12:52:58.620524
Ivanti,Ivanti Virtual Traffic Manager (vTM),True,True,2,1.0,15,17,109,{},CVE-2024-7593,12544,2025-05-06 12:52:58.582737
Aviatrix,Aviatrix Controller,True,True,2,1.0,3,35,100,{},CVE-2021-40870,12765,2025-05-06 12:52:58.608944
TP-Link,TP-Link TL-WR840N EU v5,True,True,2,1.0,13,32,99,{},CVE-2021-41653,10879,2025-05-06 12:52:58.582538
Buffalo,Buffalo SR-2533DHPL2 and WSR-2533DHP3,True,True,2,1.0,2,188,191,{},CVE-2021-20092,8947,2025-05-06 12:52:58.529572
Rocket.Chat,Rocket.Chat,True,True,2,1.0,1,13,66,{},CVE-2024-39713,3515,2025-05-06 12:52:58.551765
D-Link,D-Link DWR series,True,True,2,1.0,14,10,23,{},CVE-2018-10823,5823,2025-05-06 12:52:58.521934
Advantech,R-SeeNet,True,True,2,1.0,14,9,40,{},CVE-2021-21805,3722,2025-05-06 12:52:58.475089
Six Apart (Movable Type),Movable Type,True,True,2,1.0,4,137,327,{},CVE-2021-20837,25331,2025-05-06 12:52:58.507995
ZTE,ZTE MF971R,True,True,2,1.0,2,132,361,{},CVE-2021-21745,21363,2025-05-06 12:52:58.625751
metersphere,metersphere,True,True,2,1.0,18,27,68,{},CVE-2023-25573,7083,2025-05-06 12:52:58.483874
Wordpress,Wordpress EventON plugin,True,True,2,1.0,15,7,85,{},CVE-2023-2796,3997,2025-05-06 12:52:58.621158
Apache,ShenYu,True,True,2,1.0,6,116,112,{},CVE-2021-37580,10363,2025-05-06 12:52:58.533824
Sunhillo,Sureline,True,True,2,1.0,2,137,109,{},CVE-2021-36380,11079,2025-05-06 12:52:58.628976
Apache,Arrow,True,True,2,1.0,13,16,46,{},CVE-2023-47248,1508,2025-05-06 12:52:58.537169
Apache,OFBiz,True,True,2,1.0,2,25,67,{},CVE-2023-51467,8490,2025-05-06 12:52:58.581086
Ruijie,Ruijie RG-EW1200G,True,True,2,1.0,16,19,59,{},CVE-2023-4169,6014,2025-05-06 12:52:58.480561
NextGen Healthcare,Mirth Connect,True,True,2,1.0,6,867,498,{},CVE-2023-43208,58835,2025-05-06 12:52:58.609411
ColumbiaSoft,Document Locator,True,True,2,1.0,2,10,70,{},CVE-2023-5830,6739,2025-05-06 12:52:58.541572
D-Link,D-Link DIR-825 G1,True,True,2,1.0,2,2,2,"{'30/04/2025': {'connections': 2, 'uniq_ips': 1}}",CVE-2021-46442,63,2025-04-30 12:50:02.336219
Alkacon,OpenCms,True,True,2,1.0,14,20,77,{},CVE-2023-42344,7389,2025-05-06 12:52:58.532969
MagnusSolution,magnusbilling,True,True,2,1.0,2,5,174,{},CVE-2023-30258,15408,2025-05-06 12:52:58.486679
Viessmann,Vitogate 300 BN/MB,True,True,2,1.0,15,18,58,{},CVE-2023-45852,6738,2025-05-06 12:52:58.571354
Sophos,Sophos Web Appliance,True,True,2,1.0,18,33,76,{},CVE-2023-1671,8172,2025-05-06 12:52:58.613254
Oracle,Oracle E-Business Suite,True,True,2,1.0,3,135,290,{},CVE-2016-0457,19052,2025-05-06 12:52:58.488871
Fortra,GoAnywhere MFT,True,True,2,1.0,26076,28188,26415,{},CVE-2023-0669,2558666,2025-05-06 12:52:58.511242
Apache,ActiveMQ,True,True,2,1.0,146,166,369,{},CVE-2016-3088,40473,2025-05-06 12:52:58.496447
APsystems,Altenergy Power Control Software,True,True,2,1.0,2,29,75,{},CVE-2023-28343,7477,2025-05-06 12:52:58.526473
Cisco,"Cisco RV340, RV340W, RV345, and RV345P Dual WAN Gigabit VPN Routers",True,True,2,1.0,22,29,82,{},CVE-2023-20073,8490,2025-05-06 12:52:58.539768
Appwrite,Appwrite,True,True,2,1.0,2,9,229,{},CVE-2023-27159,13532,2025-05-06 12:52:58.476582
Nacos,Nacos,True,True,2,1.0,32,16,94,{},CVE-2021-29442,8814,2025-05-06 12:52:58.510811
Weaver,Weaver E-Office,True,True,2,1.0,20,35,96,{},CVE-2023-2648,11534,2025-05-06 12:52:58.516938
MinIO,MinIO,True,True,2,1.0,26,41,92,{},CVE-2023-28432,13463,2025-05-06 12:52:58.568441
JEECG,jeecg-boot,True,True,2,1.0,10,17,59,{},CVE-2023-4450,4443,2025-05-06 12:52:58.600678
SAS Institute,SAS/IntrNet,True,True,2,1.0,14,8,45,{},CVE-2021-41569,3231,2025-05-06 12:52:58.534760
Adobe,ColdFusion,True,True,2,1.0,2,2,2,"{'31/12/2024': {'connections': 2, 'uniq_ips': 1}}",CVE-2023-26360,2,2024-12-31 12:42:05.570163
Lexmark,Lexmark,True,True,2,1.0,2,25,73,{},CVE-2023-26067,6494,2025-05-06 12:52:58.502046
AfterLogic,AfterLogic Aurora/WebMail Pro,True,True,2,1.0,4,149,405,{},CVE-2021-26294,19952,2025-05-06 12:52:58.517364
Barcode,Barcode (GLPI plugin),True,True,2,1.0,12,9,35,{},CVE-2021-43778,3155,2025-05-06 12:52:58.601135
SAP,SCIMono,True,True,2,1.0,19,11,43,{},CVE-2021-21479,5265,2025-05-06 12:52:58.470322
Hot-World GmbH,Repetier Server,True,True,2,1.0,15,8,36,{},CVE-2023-31059,1325,2025-05-06 12:52:58.539140
SecurePoint,SecurePoint UTM,True,True,2,1.0,18,16,58,{},CVE-2023-22897,5403,2025-05-06 12:52:58.536294
SysAid,SysAid On-Premise,True,True,2,1.0,13,31,113,{},CVE-2023-47246,13432,2025-05-06 12:52:58.552815
Adobe,ColdFusion,True,True,2,1.0,26,12,91,{},CVE-2023-38205,7514,2025-05-06 12:52:58.631796
Wordpress,Wordpress Media Library Assistant plugin,True,True,2,1.0,10,38,277,{},CVE-2023-4634,26561,2025-05-06 12:52:58.502673
BigAnt Software,BigAnt Server,True,True,2,1.0,23,13,37,{},CVE-2022-23347,3293,2025-05-06 12:52:58.615909
Apereo,CAS,True,True,2,1.0,2,15,62,{},CVE-2021-42567,7504,2025-05-06 12:52:58.585410
D-Link,DCS-930L,True,True,2,1.0,2,2,2,"{'05/05/2025': {'connections': 2, 'uniq_ips': 2}}",CVE-2016-11021,10,2025-05-05 12:51:44.005773
FIT2CLOUD,KubePi,True,True,2,1.0,24,33,86,{},CVE-2023-22478,13018,2025-05-06 12:52:58.587104
GL.iNet,GL.iNet devices,True,True,2,1.0,30,24,78,{},CVE-2023-31478,1717,2025-05-06 12:52:58.497783
Motorola,Binatone Hubble Camera,True,True,2,1.0,13,704,540,{},CVE-2021-3577,52735,2025-05-06 12:52:58.571183
Progress,MOVEit Transfer,True,True,2,1.0,22,27,80,{},CVE-2023-36934,9068,2025-05-06 12:52:58.629175
D-Link,D-Link DAR-8000-10,True,True,2,1.0,13,19,64,{},CVE-2023-4542,4603,2025-05-06 12:52:58.627272
Western Digital,MyCloud NAS,True,True,2,1.0,2,152,321,{},CVE-2016-10108,28026,2025-05-06 12:52:58.472291
Apache,Tapestry,True,True,2,1.0,17,173,382,{},CVE-2021-27850,25294,2025-05-06 12:52:58.627060
Grafana,Grafana,True,True,2,1.0,20,25,97,{},CVE-2021-39226,8477,2025-05-06 12:52:58.470055
ECOA,ECOA Building Automation System,True,True,2,1.0,2,32,77,{},CVE-2021-41293,7261,2025-05-06 12:52:58.595968
Patton,SmartNode SN200,True,True,2,1.0,14,19,61,{},CVE-2023-41109,6177,2025-05-06 12:52:58.477669
Totolink,Totolink A3700R,True,True,2,1.0,19,22,113,{},CVE-2023-52028,8479,2025-05-06 12:52:58.587314
Atlassian,JIRA STAGIL Navigation for Jira - Menu & Themes plugin,True,True,2,1.0,15,9,103,{},CVE-2023-26255,5922,2025-05-06 12:52:58.488443
Micro Focus,Operations Bridge Reporter (OBR),True,True,2,1.0,11,139,307,{},CVE-2021-22502,22996,2025-05-06 12:52:58.496038
D-Link,D-Link DIR850,True,True,2,1.0,14,8,102,{},CVE-2021-46379,4234,2025-05-06 12:52:58.564487
Ivanti,Avalanche,True,True,2,1.0,19,23,96,{},CVE-2023-32563,12315,2025-05-06 12:52:58.553833
ReadtoMyShoe,ReadtoMyShoe,True,True,2,1.0,23,17,53,{},CVE-2023-27587,3061,2025-05-06 12:52:58.509949
Wordpress,Wordpress Block and Stop Bad Bots plugin,True,True,2,1.0,8,102,234,{},CVE-2021-24499,24358,2025-05-06 12:52:58.572038
Wordpress,Wordpress Registration Forms plugin,True,True,2,1.0,14,8,95,{},CVE-2023-0552,4086,2025-05-06 12:52:58.559069
Wordpress,Wordpress Zoomsounds plugin,True,True,2,1.0,13,8,39,{},CVE-2021-39316,3593,2025-05-06 12:52:58.523002
Wordpress,Wordpress Kaswara Modern VC Addons plugin,True,True,2,1.0,12,157,343,{},CVE-2021-24284,26005,2025-05-06 12:52:58.518631
MiniIO,MiniIO Console,True,True,2,1.0,13,33,96,{},CVE-2021-41266,13920,2025-05-06 12:52:58.612833
Mirko BÃ¶er Software Development,SuperWebMailer,True,True,2,1.0,15,15,60,{},CVE-2023-38192,6318,2025-05-06 12:52:58.593817
Lucee,Lucee Server,True,True,2,1.0,13,188,530,{},CVE-2021-21307,41367,2025-05-06 12:52:58.585196
Juniper,Junos OS (J-Web),True,True,2,1.0,18,17,49,{},CVE-2023-36844,12000,2025-05-06 12:52:58.534465
frangoteam,FUXA,True,True,2,1.0,18,24,96,{},CVE-2023-33831,10274,2025-05-06 12:52:58.520879
Elastic,Elasticsearch,True,True,2,1.0,2,2,2,"{'22/04/2025': {'connections': 2, 'uniq_ips': 1}, '30/04/2025': {'connections': 2, 'uniq_ips': 1}, '01/05/2025': {'connections': 2, 'uniq_ips': 1}, '02/05/2025': {'connections': 2, 'uniq_ips': 1}, '03/05/2025': {'connections': 2, 'uniq_ips': 1}, '05/05/2025': {'connections': 2, 'uniq_ips': 1}}",CVE-2014-3120,5,2025-04-22 12:50:06.143582
FileMage,FileMage Gateway,True,True,2,1.0,14,11,39,{},CVE-2023-39026,3383,2025-05-06 12:52:58.535822
TRENDnet,TRENDnet TEW-411BRPplus,True,True,2,1.0,2,2,2,"{'05/05/2025': {'connections': 2, 'uniq_ips': 2}}",CVE-2023-51833,2,2025-05-05 12:51:43.889373
Citrix,Citrix StoreFront,True,True,2,1.0,23,11,59,{},CVE-2023-5914,8550,2025-05-06 12:52:58.570620
Pascom,Pascom Cloud Phone System,True,True,2,1.0,2,11,193,{},CVE-2021-45967,13210,2025-05-06 12:52:58.503412
RosarioSIS,RosarioSIS,True,True,2,1.0,3,27,72,{},CVE-2021-44427,5825,2025-05-06 12:52:58.585826
VertaAI,ModelDB,True,True,2,1.0,25,13,98,{},CVE-2023-6023,7010,2025-05-06 12:52:58.578329
Chamilo,Chamilo,True,True,2,1.0,23,16,50,{},CVE-2023-4220,2506,2025-05-06 12:52:58.589259
Atlassian,Confluence,True,True,2,1.0,50,206,250,{},CVE-2023-22518,42224,2025-05-06 12:52:58.491642
WebIQ,WebIQ,True,True,2,1.0,15,14,60,{},CVE-2024-8752,3636,2025-05-06 12:52:58.628331
VMware,vCenter,True,True,2,1.0,42,115,297,{},CVE-2021-21985,27183,2025-05-06 12:52:58.494911
CloudPanel,CloudPanel,True,True,2,1.0,14,22,107,{},CVE-2023-35885,12683,2025-05-06 12:52:58.544792
Cassia,Cassia Gateway,True,True,2,1.0,2,36,282,{},CVE-2023-31446,17260,2025-05-06 12:52:58.630551
Hitachi Ventara,Pentaho Business Analytics,True,True,2,1.0,29,24,97,{},CVE-2021-31602,9332,2025-05-06 12:52:58.605467
Schneider Electric,"EVlink City, Parking and Smart Wallbox",True,True,2,1.0,13,137,417,{},CVE-2021-22707,33197,2025-05-06 12:52:58.479557
Honeywell,Honeywell PM43,True,True,2,1.0,15,19,63,{},CVE-2023-3710,6336,2025-05-06 12:52:58.499291
Node.js,Node.js,True,True,2,1.0,8,26,153,{},CVE-2021-21315,16002,2025-05-06 12:52:58.551128
Progress,MOVEit Transfer,True,True,2,1.0,2,2,2,"{'01/07/2024': {'connections': 2, 'uniq_ips': 1}, '02/07/2024': {'connections': 2, 'uniq_ips': 1}, '07/07/2024': {'connections': 2, 'uniq_ips': 1}, '08/07/2024': {'connections': 2, 'uniq_ips': 1}, '15/07/2024': {'connections': 2, 'uniq_ips': 1}, '16/07/2024': {'connections': 2, 'uniq_ips': 1}, '21/12/2024': {'connections': 2, 'uniq_ips': 1}, '22/12/2024': {'connections': 2, 'uniq_ips': 1}}",CVE-2023-34362,10,2024-07-02 12:01:13.979426
GruppoSCAI,RealGimm,True,True,2,1.0,8,5,13,{},CVE-2023-41642,2203,2025-05-06 12:52:58.542012
Chamilo,Chamilo,True,True,2,1.0,16,17,61,{},CVE-2023-34960,7259,2025-05-06 12:52:58.484318
CONTEC,SolarView Compact,True,True,2,1.0,31,33,76,{},CVE-2023-23333,7636,2025-05-06 12:52:58.592714
Commvault,Commvault Command Center,True,True,2,1.0,11,11,11,{},CVE-2025-34028,44,2025-05-06 12:52:58.498020
Jenkins,Jenkins,True,True,2,1.0,2,4,6,"{'28/04/2025': {'connections': 2, 'uniq_ips': 1}}",CVE-2024-23897,1789,2025-04-28 13:00:15.788473
Canvas,Canvas LMS,True,True,2,1.0,7,10,209,{},CVE-2020-5775,9320,2025-05-06 12:52:58.581699
GrandNode,GrandNode,True,True,2,1.0,24,44,64,{},CVE-2019-12276,4975,2025-05-06 12:52:58.541767
Atlassian,JIRA,True,True,2,1.0,15,136,329,{},CVE-2019-8451,20218,2025-05-06 12:52:58.614857
Oracle,BI Publisher (Oracle Fusion Middleware),True,True,2,1.0,3,145,395,{},CVE-2019-2616,24757,2025-05-06 12:52:58.477494
Carel,Carel pCOWeb,True,True,2,1.0,2,197,596,{},CVE-2019-11370,36986,2025-05-06 12:52:58.574151
YouPHPTube,YouPHPTube Encoder,True,True,2,1.0,110,274,520,{},CVE-2019-5127,51684,2025-05-06 12:52:58.472489
Ignite Realtime,Openfire,True,True,2,1.0,19,10,36,{},CVE-2019-18393,2165,2025-05-06 12:52:58.510391
Zoho,ManageEngine ADAudit Plus,True,True,2,1.0,12,29,78,{},CVE-2022-28219,9472,2025-05-06 12:52:58.600262
perfSONAR,perfSONAR,True,True,2,1.0,16,9,12,{},CVE-2022-41412,249,2025-05-06 12:52:58.538475
Terramaster,TOS,True,True,2,1.0,2,143,681,{},CVE-2020-28185,42961,2025-05-06 12:52:58.560777
Mida Solutions,Mida eFramework,True,True,2,1.0,14,10,44,{},CVE-2020-15920,5447,2025-05-06 12:52:58.500140
WSO2,WSO2 Management Console,True,True,2,1.0,13,35,102,{},CVE-2020-17453,6005,2025-05-06 12:52:58.559676
Moodle,Moodle,True,True,2,1.0,14,15,64,{},CVE-2022-35653,7093,2025-05-06 12:52:58.496869
TerraMaster,TOS,True,True,2,1.0,146,199,471,{},CVE-2020-15568,44157,2025-05-06 12:52:58.524069
benc-uk,KubeView,True,True,2,1.0,24,11,78,{},CVE-2022-45933,7950,2025-05-06 12:52:58.534040
Wordpress,WordPress Fusion Builder plugin,True,True,2,1.0,3,29,87,{},CVE-2022-1386,8133,2025-05-06 12:52:58.576690
Citrix,Citrix ShareFile StorageZones (aka storage zones) Controller,True,True,2,1.0,23,28,56,{},CVE-2020-8982,5378,2025-05-06 12:52:58.589047
IncomCMS,IncomCMS,True,True,2,1.0,16,181,596,{},CVE-2020-29597,41084,2025-05-06 12:52:58.501811
ZyXEL,ZyXEL NAS,True,True,2,1.0,20,11,40,{},CVE-2020-9054,5800,2025-05-06 12:52:58.478280
Lime Technology,Unraid,True,True,2,1.0,21,10,44,{},CVE-2020-5847,6676,2025-05-06 12:52:58.603678
Apache,OFBiz,True,True,2,1.0,13,7,101,{},CVE-2020-1943,6012,2025-05-06 12:52:58.496664
D-Link,D-Link DSL-2888A,True,True,2,1.0,2,168,574,{},CVE-2020-24581,42126,2025-05-06 12:52:58.528851
Zimbra,Zimbra Collaboration Suite,True,True,2,1.0,2,709,1720,{},CVE-2020-7796,407179,2025-05-06 12:52:58.569114
CONTEC,SolarView Compact ver.6.00,True,True,2,1.0,27,32,79,{},CVE-2022-29303,9748,2025-05-06 12:52:58.509720
Wordpress,Wordpress Users Ultra plugin,True,True,2,1.0,3,27,77,{},CVE-2022-0769,7464,2025-05-06 12:52:58.467905
Atlassian,JIRA,True,True,2,1.0,2,129,323,{},CVE-2019-8446,22635,2025-05-06 12:52:58.564076
Cacti,Cacti,True,True,2,1.0,2,49,339,{},CVE-2022-46169,31113,2025-05-06 12:52:58.613718
Citrix,Citrix SD-WAN and NetScaler SD-WAN,True,True,2,1.0,27,233,690,{},CVE-2019-12990,54720,2025-05-06 12:52:58.570236
Cisco,Cisco RV132W/RV134W,True,True,2,1.0,18,13,67,{},CVE-2018-0127,10108,2025-05-06 12:52:58.482408
Citrix,Citrix SD-WAN and NetScaler SD-WAN,True,True,2,1.0,16,200,603,{},CVE-2019-12985,48013,2025-05-06 12:52:58.487791
Atlassian,Confluence,True,True,2,1.0,94,246,416,{},CVE-2019-3396,84743,2025-05-06 12:52:58.467218
Wordpress,Wordpress Simple Link Directory plugin,True,True,2,1.0,3,29,78,{},CVE-2022-0760,8142,2025-05-06 12:52:58.474649
Cisco,Cisco Prime Infrastructure (PI) and Cisco Evolved Programmable Network (EPN),True,True,2,1.0,2,158,438,{},CVE-2019-1821,36770,2025-05-06 12:52:58.616157
SAP,NetWeaver,True,True,2,1.0,71,62,62,{},CVE-2025-31324,431,2025-05-06 12:52:58.546675
Open Automation Software,OAS Platform,True,True,2,1.0,23,32,101,{},CVE-2022-26833,13402,2025-05-06 12:52:58.614430
Alfresco,Alfresco Community Edition (Alfresco Share),True,True,2,1.0,3,149,394,{},CVE-2019-14223,24406,2025-05-06 12:52:58.466954
Wordpress,Wordpress InPost Gallery plugin,True,True,2,1.0,16,9,41,{},CVE-2022-4063,3102,2025-05-06 12:52:58.525215
Airspan,Airspot 5410,True,True,2,1.0,2,2,2,"{'15/09/2024': {'connections': 2, 'uniq_ips': 1}}",CVE-2022-36267,3,2024-09-15 12:39:34.721172
Icinga,Icinga Web 2,True,True,2,1.0,15,10,45,{},CVE-2022-24716,4092,2025-05-06 12:52:58.554904
Hitachi Vantara,Pentaho Business Analytics Server,True,True,2,1.0,10,15,205,{},CVE-2022-43939,17262,2025-05-06 12:52:58.493477
InfluxData,InfluxDB,True,True,2,1.0,19,27,92,{},CVE-2019-20933,9364,2025-05-06 12:52:58.541352
strapi,strapi,True,True,2,1.0,3,137,382,{},CVE-2019-18818,27241,2025-05-06 12:52:58.480358
Citrix,Citrix SD-WAN and NetScaler SD-WAN,True,True,2,1.0,18,211,619,{},CVE-2019-12986,48224,2025-05-06 12:52:58.587906
YouPHPTube,YouPHPTube Encoder,True,True,2,1.0,113,284,583,{},CVE-2019-5128,55742,2025-05-06 12:52:58.545306
Xiaomi,Xiaomi Mi WiFi R3G,True,True,2,1.0,11,7,29,{},CVE-2019-18371,1584,2025-05-06 12:52:58.557150
D-Link,DIR-868L/DIR-817LW,True,True,2,1.0,39,120,329,{},CVE-2019-17506,35245,2025-05-06 12:52:58.595292
Apache,Spark,True,True,2,1.0,20,9,37,{},CVE-2022-33891,3444,2025-05-06 12:52:58.475712
Quest,Quest KACE K1000 Systems Management Appliance,True,True,2,1.0,2,2,2,"{'29/06/2024': {'connections': 2, 'uniq_ips': 1}, '30/06/2024': {'connections': 2, 'uniq_ips': 1}}",CVE-2019-20504,2,2024-06-30 06:01:20.363331
Cisco,SD-WAN vManage,True,True,2,1.0,15,9,49,{},CVE-2020-26073,3669,2025-05-06 12:52:58.594056
Wordpress,Wordpress,True,True,2,1.0,2,2,33,"{'30/04/2025': {'connections': 2, 'uniq_ips': 1}}",CVE-2020-25213,192,2025-04-30 12:50:02.457874
Webmin,Webmin,True,True,2,1.0,32,139,336,{},CVE-2019-15107,34037,2025-05-06 12:52:58.521314
Oracle,Oracle Business Intelligence (Oracle Fusion Middleware,True,True,2,1.0,14,9,57,{},CVE-2020-14864,5116,2025-05-06 12:52:58.566254
Apache,Unomi,True,True,2,1.0,2,142,337,{},CVE-2020-13942,29490,2025-05-06 12:52:58.613087
Linksys,RE6500 Series,True,True,2,1.0,2,154,402,{},CVE-2020-35713,30028,2025-05-06 12:52:58.524582
Wordpress,Wordpress Active Products Tables for WooCommerce,True,True,2,1.0,15,8,91,{},CVE-2022-1916,5616,2025-05-06 12:52:58.530632
OpenTSDB,OpenTSDB,True,True,2,1.0,5,13,190,{},CVE-2020-35476,22115,2025-05-06 12:52:58.574355
Wordpress,Wordpress Admin Word Count Column plugin,True,True,2,1.0,15,9,42,{},CVE-2022-1390,3328,2025-05-06 12:52:58.494739
Citrix,XenMobile Server,True,True,2,1.0,46,38,50,{},CVE-2020-8209,7041,2025-05-06 12:52:58.612648
oria,gridx,True,True,2,1.0,20,12,43,{},CVE-2020-19625,5690,2025-05-06 12:52:58.492810
Cisco,Cisco ASA and Cisco Firepower Threat Defense,True,True,2,1.0,2,134,400,{},CVE-2020-3580,26835,2025-05-06 12:52:58.551550
Atlassian,JIRA Seraph,True,True,2,1.0,18,11,157,{},CVE-2022-0540,12117,2025-05-06 12:52:58.623342
Netsweeper,Netsweeper,True,True,2,1.0,13,198,495,{},CVE-2020-13167,37757,2025-05-06 12:52:58.490586
Keycloak,Keycloak,True,True,2,1.0,2,10,196,{},CVE-2020-10770,9076,2025-05-06 12:52:58.519800
Wordpress,Wordpress Directorist plugin,True,True,2,1.0,14,8,84,{},CVE-2022-2376,3999,2025-05-06 12:52:58.509510
CSE Bookstore,CSE Bookstore,True,True,2,1.0,2,134,404,{},CVE-2020-36112,27048,2025-05-06 12:52:58.619174
Mirko BÃ¶er Software Development,SuperWebMailer,True,True,2,1.0,13,144,315,{},CVE-2020-11546,27953,2025-05-06 12:52:58.497093
Schneider Electric,SpaceLogic C-Bus Home Controller (5200WHC2),True,True,2,1.0,14,31,72,{},CVE-2022-34753,9440,2025-05-06 12:52:58.515645
Oracle,Oracle Weblogic Server,True,True,2,1.0,12,155,324,{},CVE-2020-14882,35987,2025-05-06 12:52:58.484531
TerraMaster,TOS,True,True,2,1.0,13,677,1561,{},CVE-2020-28188,119681,2025-05-06 12:52:58.475299
Artica,Artica Web Proxy,True,True,2,1.0,12,193,636,{},CVE-2020-17505,44718,2025-05-06 12:52:58.480772
WAVLINK,WAVLINK WN535K2 and WN535K3,True,True,2,1.0,2,54,366,{},CVE-2022-2486,33678,2025-05-06 12:52:58.469000
Wordpress,Wordpress WooCommerce Checkout Field Manager plugin,True,True,2,1.0,13,35,103,{},CVE-2022-4328,10281,2025-05-06 12:52:58.538054
GLPI,GLPI,True,True,2,1.0,15,12,12,{},CVE-2025-24799,113,2025-05-06 12:52:58.605055
FlowiseAI,Flowise,True,True,2,1.0,33,17,59,{},CVE-2025-26319,1009,2025-05-06 12:52:58.601335
rConfig,rConfig,True,True,2,1.0,12,8,43,{},CVE-2020-10548,4173,2025-05-06 12:52:58.613482
SolarWinds,SolarWinds Orion,True,True,2,1.0,24,13,117,{},CVE-2020-10148,12575,2025-05-06 12:52:58.470591
Node.js,Node.js (ejs),True,True,2,1.0,2,61,409,{},CVE-2022-29078,29709,2025-05-06 12:52:58.549994
MobileIron,MobileIron Mobile Device Management (MDM),True,True,2,1.0,18,153,335,{},CVE-2020-15505,40172,2025-05-06 12:52:58.488653
Microweber,Microweber,True,True,2,1.0,15,16,341,{},CVE-2022-1439,15094,2025-05-06 12:52:58.592075
SonarQube,SonarQube,True,True,2,1.0,43,18,74,{},CVE-2020-27986,9297,2025-05-06 12:52:58.512310
Intellian,Intellian Aptus Web,True,True,2,1.0,36,134,375,{},CVE-2020-7980,32326,2025-05-06 12:52:58.500981
QNAP,QNAP NAS devices running Photo Station,True,True,2,1.0,12,17,47,{},CVE-2022-27593,5124,2025-05-06 12:52:58.478911
Revive,Revive Adserver,True,True,2,1.0,13,8,98,{},CVE-2020-8115,5517,2025-05-06 12:52:58.601972
TopThink,ThinkPHP,True,True,2,1.0,22,11,51,{},CVE-2022-47945,3953,2025-05-06 12:52:58.595115
Apache,APISIX,True,True,2,1.0,10,44,106,{},CVE-2022-24112,11751,2025-05-06 12:52:58.564697
Zoho,"ManageEngine Access Manager Plus, Password Manager Pro, PAM360",True,True,2,1.0,2,2,2,"{'30/04/2025': {'connections': 2, 'uniq_ips': 1}}",CVE-2022-29081,53,2025-04-30 12:50:02.465373
SAP,BusinessObjects Business Intelligence Platform (Web Services),True,True,2,1.0,2,2,2,"{'15/09/2024': {'connections': 2, 'uniq_ips': 1}}",CVE-2020-6308,2,2024-09-15 12:39:34.689437
Dogtag,Dogtag - Certificate System,True,True,2,1.0,9,24,71,{},CVE-2022-2414,7042,2025-05-06 12:52:58.618957
Wordpress,Wordpress Elfinder plugin,True,True,2,1.0,24,33,84,{},CVE-2020-35235,7955,2025-05-06 12:52:58.514176
WAVLINK,WAVLINK WN575A4 and WN579X3,True,True,2,1.0,2,147,347,{},CVE-2020-13117,25904,2025-05-06 12:52:58.516517
WSO2,WSO2 multiple products,True,True,2,1.0,27,36,98,{},CVE-2022-29464,11147,2025-05-06 12:52:58.590966
Citrix,"Citrix ADC, Citrix Gateway, Citrix SDWAN WAN-OP",True,True,2,1.0,39,112,344,{},CVE-2020-8191,29341,2025-05-06 12:52:58.497295
Seowon Intech,"Seowon SLC-130, SLR-120S",True,True,2,1.0,13,202,592,{},CVE-2020-17456,42036,2025-05-06 12:52:58.581477
SearchBlox,SearchBlox,True,True,2,1.0,13,9,42,{},CVE-2020-35580,3355,2025-05-06 12:52:58.491237
WAVLINK,WAVLINK WN530H4,True,True,2,1.0,15,24,67,{},CVE-2020-12124,6063,2025-05-06 12:52:58.622221
LimeSurvey,LimeSurvey,True,True,2,1.0,14,8,45,{},CVE-2020-11455,3932,2025-05-06 12:52:58.528616
camptocamp,Terraboard,True,True,2,1.0,2,2,2,"{'15/09/2024': {'connections': 2, 'uniq_ips': 1}}",CVE-2022-1883,3,2024-09-15 12:39:34.687628
Atlassian,Confluence,True,True,2,1.0,43,204,229,{},CVE-2022-26138,36676,2025-05-06 12:52:58.504948
D-Link,DNS-320,True,True,2,1.0,2,166,536,{},CVE-2020-25506,41402,2025-05-06 12:52:58.597011
WAVLINK,WAVLINK WN579X3,True,True,2,1.0,19,11,103,{},CVE-2022-31847,9217,2025-05-06 12:52:58.466608
3CX,3CX Phone System Management Console,True,True,2,1.0,14,17,108,"{'04/05/2025': {'connections': 2, 'uniq_ips': 1}}",CVE-2022-28005,6547,2025-05-04 12:46:29.901124
Wordpress,Wordpress PhonePe Payment Solutions plugin,True,True,2,1.0,2,67,357,{},CVE-2022-45835,24861,2025-05-06 12:52:58.552404
AVTECH,AVTECH IP camera,True,True,2,1.0,31,32,71,{},CVE-2024-7029,8857,2025-05-06 12:52:58.486038
Unit4,Unit4 Financials by Coda,True,True,2,1.0,16,9,53,{},CVE-2024-28734,6592,2025-05-06 12:52:58.525394
FIT2CLOUD,KubePi,True,True,2,1.0,17,26,71,{},CVE-2024-36111,5173,2025-05-06 12:52:58.580848
Oracle,Oracle E-Business Suite,True,True,2,1.0,24,11,127,{},CVE-2022-21500,9795,2025-05-06 12:52:58.523846
VMware,"Workspace ONE Access, Identity Manager and vRealize Automation",True,True,2,1.0,25,12,93,{},CVE-2022-31656,8271,2025-05-06 12:52:58.524357
Barco/AWIND,Barco/AWIND OEM,True,True,2,1.0,10,111,310,{},CVE-2019-3929,26835,2025-05-06 12:52:58.594273
Ivanti,Avalanche,True,True,2,1.0,2,13,76,{},CVE-2024-38653,4304,2025-05-06 12:52:58.604624
Apache,ActiveMQ,True,True,2,1.0,14,8,103,{},CVE-2018-8006,5616,2025-05-06 12:52:58.561082
ForgeRock,ForgeRock Access Manager,True,True,2,1.0,32,15,97,{},CVE-2021-35464,9907,2025-05-06 12:52:58.598759
OpenAPI Tools,OpenAPI Generator,True,True,2,1.0,24,17,63,{},CVE-2024-35219,4788,2025-05-06 12:52:58.550871
Wordpress,Wordpress FormCraft plugin,True,True,2,1.0,2,2,2,"{'30/04/2025': {'connections': 2, 'uniq_ips': 1}}",CVE-2022-0591,92,2025-04-30 12:50:02.391323
LG,NAS N1A1,True,True,2,1.0,2,184,484,{},CVE-2018-14839,41439,2025-05-06 12:52:58.550412
Wordpress,Wordpress VR Calendar plugin,True,True,2,1.0,22,33,107,{},CVE-2022-2314,12319,2025-05-06 12:52:58.573717
VMware,VMware NSX Manager XStream,True,True,2,1.0,25,36,146,"{'04/05/2025': {'connections': 2, 'uniq_ips': 1}}",CVE-2021-39144,9150,2025-05-04 12:46:29.849996
Splunk,Splunk Enterprise on Windows,True,True,2,2.0,2,16,11,"{'05/05/2025': {'connections': 2, 'uniq_ips': 2}}",CVE-2024-36991,32,2025-05-05 12:51:43.933797
Crestron,Crestron HD-MD4X2-4K-E,True,True,2,1.0,25,12,92,{},CVE-2022-23178,7897,2025-05-06 12:52:58.517996
Drupal,Drupal avatar_uploader,True,True,2,1.0,12,8,37,{},CVE-2018-9205,3351,2025-05-06 12:52:58.602827
LiteLLM,LiteLLM,True,True,2,1.0,2,8,65,{},CVE-2024-6587,3431,2025-05-06 12:52:58.480186
Journeyx,Journeyx,True,True,2,1.0,17,14,59,{},CVE-2024-6893,4189,2025-05-06 12:52:58.566432
Ivanti,"Ivanti Connect Secure, Policy Secure and Ivanti Neurons for ZTA",True,True,2,1.0,2,107,179,{},CVE-2024-21893,35875,2025-05-06 12:52:58.538703
Apache,ColdFusion,True,True,2,1.0,12,188,457,{},CVE-2018-15961,42683,2025-05-06 12:52:58.507758
Oracle,Oracle Weblogic Server,True,True,2,1.0,12,132,363,{},CVE-2017-10271,41920,2025-05-06 12:52:58.605865
H3C,H3C GR3200,True,True,2,1.0,21,19,86,{},CVE-2022-36509,8545,2025-05-06 12:52:58.513627
pgAdmin,pgAdmin 4,True,True,2,1.0,21,16,86,{},CVE-2024-9014,9650,2025-05-06 12:52:58.570797
TVT/Provision-ISR,Multiple DVR models,True,True,2,1.0,13,8,60,{},CVE-2024-7339,4329,2025-05-06 12:52:58.539319
Sahi Pro,Sahi Pro,True,True,2,1.0,16,9,48,{},CVE-2018-20470,3438,2025-05-06 12:52:58.576480
Linksys,Linksys E2000,True,True,2,1.0,14,9,37,{},CVE-2024-27497,3074,2025-05-06 12:52:58.476361
Microsoft,.NET Framework,True,True,2,1.0,21,18,55,{},CVE-2024-29059,5241,2025-05-06 12:52:58.620311
Parsec Automation,TrackSYS,True,True,2,1.0,17,9,61,{},CVE-2024-6188,4199,2025-05-06 12:52:58.549133
CyberPanel,CyberPanel,True,True,2,1.0,18,10,83,{},CVE-2024-32735,3372,2025-05-06 12:52:58.598478
HashiCorp,Consul and Consul Enterprise,True,True,2,1.0,15,37,97,{},CVE-2022-29153,8110,2025-05-06 12:52:58.496247
CyberPanel,CyberPanel,True,True,2,1.0,15,9,38,{},CVE-2024-32739,1179,2025-05-06 12:52:58.572639
Wordpress,Wordpress JoomSport plugin,True,True,2,1.0,12,22,75,{},CVE-2022-4050,6375,2025-05-06 12:52:58.549792
D-Link,D-Link multiple routers,True,True,2,1.0,2,151,308,{},CVE-2018-6530,19009,2025-05-06 12:52:58.501614
Daylight Studio,FUEL CMS,True,True,2,1.0,5,156,322,{},CVE-2018-16763,31677,2025-05-06 12:52:58.603267
Wordpress,Wordpress Gift Voucher plugin,True,True,2,1.0,2,158,329,{},CVE-2018-16159,26623,2025-05-06 12:52:58.535427
Wordpress,Wordpress Nirweb support plugin,True,True,2,1.0,3,31,78,{},CVE-2022-0781,7803,2025-05-06 12:52:58.610507
NextChat (ChatGPT-Next-Web),NextChat (ChatGPT-Next-Web),True,True,2,1.0,2,37,168,{},CVE-2024-38514,6359,2025-05-06 12:52:58.586683
F-Logic,DataCube3,True,True,2,1.0,15,15,52,{},CVE-2024-31750,4910,2025-05-06 12:52:58.629596
PrestaShop,Attribute Wizard addon for PrestaShop,True,True,2,1.0,3,188,386,{},CVE-2018-10942,32697,2025-05-06 12:52:58.482834
Drupal,Drupal,True,True,2,1.0,29,117,289,{},CVE-2018-7600,34168,2025-05-06 12:52:58.578631
Draytek,Draytek Vigor2960 and Vigor300B,True,True,2,1.0,13,13,11,"{'05/05/2025': {'connections': 2, 'uniq_ips': 1}}",CVE-2024-12987,84,2025-05-05 12:51:43.925856
Atlassian,JIRA,True,True,2,1.0,12,13,56,{},CVE-2022-39960,5384,2025-05-06 12:52:58.620749
Gradio,Gradio,True,True,2,1.0,24,16,68,{},CVE-2024-4325,4617,2025-05-06 12:52:58.499704
WAVLINK,WAVLINK WN535K2 and WN535K3,True,True,2,1.0,3,59,366,{},CVE-2022-2488,37982,2025-05-06 12:52:58.472955
Palo Alto Networks,Palo Alto Networks Expedition,True,True,2,1.0,14,11,61,{},CVE-2024-9465,6096,2025-05-06 12:52:58.531266
Luracast,Luracast Restler,True,True,2,1.0,15,8,20,{},CVE-2017-15363,3709,2025-05-06 12:52:58.520443
Cacti,Cacti,True,True,2,1.0,2,10,162,{},CVE-2024-29895,9589,2025-05-06 12:52:58.616578
jQueryFileTree,jQueryFileTree,True,True,2,1.0,3,142,273,{},CVE-2017-1000170,23473,2025-05-06 12:52:58.595739
Zeroshell,Zeroshell Linux Router,True,True,2,1.0,15,10,22,{},CVE-2009-0545,8835,2025-05-06 12:52:58.555353
Apache,Axis2,True,True,2,1.0,4,140,286,{},CVE-2010-0219,33590,2025-05-06 12:52:58.583480
Kaseya,VSA,True,True,2,1.0,13,7,82,{},CVE-2015-2863,5571,2025-05-06 12:52:58.505780
Wordpress,"Wordpress Free Booking Plugin for Hotels, Restaurant and Car Rental (eaSYNC)",True,True,2,1.0,13,31,91,{},CVE-2022-1952,9779,2025-05-06 12:52:58.626838
QNAP,QNAP NAS devices running Photo Station,True,True,2,1.0,39,330,551,{},CVE-2019-7192,109969,2025-05-06 12:52:58.482612
CHIYU Technology,"CHIYU BF-430, BF-431 and BF-450M",True,True,2,1.0,13,6,98,{},CVE-2021-31250,6306,2025-05-06 12:52:58.577767
Comodo,Comodo UTM Firewall,True,True,2,1.0,13,208,447,{},CVE-2018-17431,27962,2025-05-06 12:52:58.598985
nostromo,nhttpd,True,True,2,1.0,45,138,342,{},CVE-2019-16278,32998,2025-05-06 12:52:58.565334
YouPHPTube,YouPHPTube Encoder,True,True,2,1.0,112,282,563,{},CVE-2019-5129,55510,2025-05-06 12:52:58.541138
Wordpress,Wordpress Welcart eCommerce plugin,True,True,2,1.0,15,9,38,{},CVE-2022-41840,3302,2025-05-06 12:52:58.622432
Linear,eMerge E3-Series,True,True,2,1.0,18,10,54,{},CVE-2019-7254,4346,2025-05-06 12:52:58.489290
Dynamicweb Software,Dynamicweb,True,True,2,1.0,13,13,169,{},CVE-2022-25369,12499,2025-05-06 12:52:58.614144
Seagate,Seagate NAS OS,True,True,2,1.0,12,168,371,{},CVE-2018-12296,37210,2025-05-06 12:52:58.564909
D-Link,D-Link Central WiFiManager CWM-100,True,True,2,1.0,2,10,77,{},CVE-2018-15517,14809,2025-05-06 12:52:58.574767
Dahua,Dahua DVR/NVR/IPC,True,True,2,1.0,47,29,82,{},CVE-2017-7927,15315,2025-05-06 12:52:58.529775
Wordpress,Wordpress Google XML Sitemap Generator plugin,True,True,2,1.0,16,18,78,{},CVE-2022-0346,9843,2025-05-06 12:52:58.622894
Palo Alto Networks,PAN-OS,True,True,2,1.0,4,115,276,{},CVE-2017-15944,36180,2025-05-06 12:52:58.589678
Apache,libapache-mod-jk,True,True,2,1.0,46,55,159,{},CVE-2018-11759,20873,2025-05-06 12:52:58.557558
Fortinet,FortiWeb,True,True,2,1.0,15,19,124,{},CVE-2021-22122,7742,2025-05-06 12:52:58.536506
HPE,HPE Edgeline Infrastructure Manager,True,True,2,1.0,2,189,254,{},CVE-2021-29203,17119,2025-05-06 12:52:58.479773
Boa,Boa,True,True,2,1.0,10,9,20,{},CVE-2017-9833,3566,2025-05-06 12:52:58.554474
Geutebruck,G-Cam/EFD-2250,True,True,2,1.0,2,2,2,"{'15/09/2024': {'connections': 2, 'uniq_ips': 1}}",CVE-2017-5173,3,2024-09-15 12:39:34.683092
Jenkins,Jenkins,True,True,2,1.0,2,2,2,"{'02/05/2025': {'connections': 2, 'uniq_ips': 1}, '04/05/2025': {'connections': 2, 'uniq_ips': 1}, '05/05/2025': {'connections': 2, 'uniq_ips': 1}}",CVE-2018-1000861,17,2025-05-02 12:49:30.091084
Yaws,Yaws,True,True,2,1.0,15,10,21,{},CVE-2017-10974,3665,2025-05-06 12:52:58.623132
phpCollab,phpCollab,True,True,2,1.0,13,183,515,{},CVE-2017-6090,43649,2025-05-06 12:52:58.527979
dirk1983,chatgpt,True,True,2,1.0,13,9,38,{},CVE-2024-27564,4015,2025-05-06 12:52:58.476151
Apache,CouchDB,True,True,2,1.0,145,155,304,{},CVE-2017-12635,31772,2025-05-06 12:52:58.469784
Ruby on Rails,Sprockets,True,True,2,1.0,31,136,325,{},CVE-2018-3760,30149,2025-05-06 12:52:58.512102
Progress,Flowmon,True,True,2,1.0,2,45,171,{},CVE-2024-2389,17987,2025-05-06 12:52:58.493899
Wordpress,Wordpress SpeakOut! Email Petitions plugin,True,True,1,1.0,17,28,75,"{'04/05/2025': {'connections': 1, 'uniq_ips': 1}}",CVE-2022-0846,7517,2025-05-04 12:46:29.818406
Wordpress,Wordpress Youzify plugin,True,True,1,1.0,1,1,20,{},CVE-2022-1950,129,2025-04-24 12:51:31.867397
Wordpress,Wordpress RSVPMaker plugin,True,True,1,1.0,18,25,66,"{'04/05/2025': {'connections': 1, 'uniq_ips': 1}}",CVE-2022-1768,6387,2025-05-04 12:46:29.877787
Juniper,Junos OS (J-Web),True,True,1,1.0,16,8,89,"{'04/05/2025': {'connections': 1, 'uniq_ips': 1}}",CVE-2022-22242,6112,2025-05-04 12:46:29.904028
Wordpress,Wordpress BadgeOS plugin,True,True,1,1.0,20,28,75,"{'04/05/2025': {'connections': 1, 'uniq_ips': 1}}",CVE-2022-2958,7592,2025-05-04 12:46:29.958096
Cybele Software,Thinfinity VirtualUI,True,True,1,1.0,26,14,41,"{'04/05/2025': {'connections': 1, 'uniq_ips': 1}}",CVE-2021-45092,3476,2025-05-04 12:46:29.849217
Wordpress,Wordpress Product Table for WooCommerce (wooproducttable) plugin,True,True,1,1.0,26,28,76,"{'04/05/2025': {'connections': 1, 'uniq_ips': 1}}",CVE-2022-1020,6737,2025-05-04 12:46:29.967068
Ruijie Networks,Ruijie RG-EW Series Routers,True,True,1,1.0,1,2,2,"{'10/02/2025': {'connections': 1, 'uniq_ips': 1}, '22/03/2025': {'connections': 1, 'uniq_ips': 1}, '23/03/2025': {'connections': 1, 'uniq_ips': 1}}",CVE-2021-43163,4,2025-02-10 12:44:25.647595
Seiko,Seiko Skybridge MB-A200 series,True,True,1,1.0,1,1,1,"{'06/12/2024': {'connections': 1, 'uniq_ips': 1}}",CVE-2022-36559,1,2024-12-06 12:48:30.323786
Wordpress,Wordpress Core,True,True,1,1.0,1,1,21,{},CVE-2022-21661,116,2025-04-24 12:51:31.925895
Wordpress,Wordpress Infographic Maker plugin,True,True,1,1.0,18,31,98,"{'04/05/2025': {'connections': 1, 'uniq_ips': 1}}",CVE-2022-0747,9063,2025-05-04 12:46:29.944939
RaspAP,RaspAP,True,True,1,1.0,5,10,217,{},CVE-2021-33357,14587,2025-05-06 12:52:58.583905
dotCMS,dotCMS,True,True,1,1.0,30,36,99,"{'04/05/2025': {'connections': 1, 'uniq_ips': 1}}",CVE-2022-26352,11723,2025-05-04 12:46:29.930252
Zoho,ManageEngine OpManager,True,True,1,1.0,1,1,1,"{'13/09/2024': {'connections': 1, 'uniq_ips': 1}, '14/09/2024': {'connections': 1, 'uniq_ips': 1}}",CVE-2021-3287,1,2024-09-13 12:40:59.449443
Wordpress,Wordpress WP Video Gallery plugin,True,True,1,1.0,19,32,96,"{'04/05/2025': {'connections': 1, 'uniq_ips': 1}}",CVE-2022-0826,8606,2025-05-04 12:46:29.964585
VoIPmonitor,VoIPmonitor,True,True,1,1.0,14,28,75,"{'04/05/2025': {'connections': 1, 'uniq_ips': 1}}",CVE-2022-24260,7654,2025-05-04 12:46:29.969605
ZKTeco,"ZKTeco ZEM500-510-560-760, ZEM600-800, ZEM720, ZMM",True,True,1,1.0,1,1,1,"{'29/04/2025': {'connections': 1, 'uniq_ips': 1}, '30/04/2025': {'connections': 1, 'uniq_ips': 1}}",CVE-2022-42953,141,2025-04-24 12:51:31.827569
Wordpress,Wordpress BackupBuddy plugin,True,True,1,1.0,2,2,14,{},CVE-2022-31474,175,2025-04-24 12:51:31.798621
Spring,Spring Cloud Function,True,True,1,1.0,2,4,21,"{'10/04/2025': {'connections': 1, 'uniq_ips': 1}}",CVE-2022-22963,206,2025-04-10 12:50:21.758368
Ivanti,Avalanche,True,True,1,1.0,25,16,57,"{'04/05/2025': {'connections': 1, 'uniq_ips': 1}}",CVE-2021-30497,5766,2025-05-04 12:46:29.903597
Wordpress,Wordpress IWS - Geo Form Fields plugin,True,True,1,1.0,18,26,77,"{'04/05/2025': {'connections': 1, 'uniq_ips': 1}}",CVE-2022-4117,6883,2025-05-04 12:46:29.966900
Wordpress,Wordpress Booking Calendar plugin,True,True,1,1.0,1,1,25,{},CVE-2022-3982,66,2025-04-24 12:51:31.869701
CuppaCMS,CuppaCMS,True,True,1,1.0,27,32,78,"{'04/05/2025': {'connections': 1, 'uniq_ips': 1}}",CVE-2022-25486,6838,2025-05-04 12:46:29.890581
Wordpress,Wordpress Bestbooks plugin,True,True,1,1.0,17,27,76,"{'04/05/2025': {'connections': 1, 'uniq_ips': 1}}",CVE-2022-0827,7710,2025-05-04 12:46:29.900288
Wordpress,Wordpress Fontsy plugin,True,True,1,1.0,15,31,82,"{'04/05/2025': {'connections': 1, 'uniq_ips': 1}}",CVE-2022-4447,7052,2025-05-04 12:46:29.967249
F5,BIG-IP,True,True,1,1.0,1,1,1,"{'05/03/2025': {'connections': 1, 'uniq_ips': 1}}",CVE-2022-41800,1,2025-03-05 12:46:38.280641
Wordpress,Wordpress Title Experiments Free plugin,True,True,1,1.0,19,22,72,"{'04/05/2025': {'connections': 1, 'uniq_ips': 1}}",CVE-2022-0784,7250,2025-05-04 12:46:29.815933
CuppaCMS,CuppaCMS,True,True,1,1.0,26,36,78,"{'04/05/2025': {'connections': 1, 'uniq_ips': 1}}",CVE-2022-34121,7146,2025-05-04 12:46:29.860356
Totolink,Totolink N600R,True,True,1,1.0,1,1,1,"{'30/01/2025': {'connections': 1, 'uniq_ips': 1}, '31/01/2025': {'connections': 1, 'uniq_ips': 1}, '08/03/2025': {'connections': 1, 'uniq_ips': 1}, '09/03/2025': {'connections': 1, 'uniq_ips': 1}}",CVE-2022-26186,1,2024-11-04 12:45:51.005044
Razer,Razer Sila,True,True,1,1.0,2,2,10,{},CVE-2022-29013,155,2025-04-24 12:51:31.798013
Kaseya,VSA,True,True,1,1.0,3,2,2,"{'23/03/2025': {'connections': 1, 'uniq_ips': 1}, '31/03/2025': {'connections': 1, 'uniq_ips': 1}, '01/04/2025': {'connections': 1, 'uniq_ips': 1}, '02/04/2025': {'connections': 1, 'uniq_ips': 1}}",CVE-2021-30118,6,2025-03-23 12:42:40.160522
WAVLINK,WAVLINK WL-WN531P3,True,True,1,1.0,1,1,1,"{'06/12/2024': {'connections': 1, 'uniq_ips': 1}}",CVE-2022-23900,1,2024-12-06 12:48:30.368199
Arris,"Arris NVG443, NVG599, NVG589, NVG510 devices and Arris-derived BGW210, BGW320 devices",True,True,1,1.0,2,2,3,{},CVE-2022-31793,2713,2025-04-24 12:51:31.896119
CuppaCMS,CuppaCMS,True,True,1,1.0,26,31,75,"{'04/05/2025': {'connections': 1, 'uniq_ips': 1}}",CVE-2022-25485,6701,2025-05-04 12:46:29.921631
Zoho,"ManageEngine OpManager OpManager Plus, OpManager MSP, Network Configuration Manager, NetFlow Analyzer, Firewall Analyzer, and OpUtils",True,True,1,1.0,1,1,1,"{'30/04/2025': {'connections': 1, 'uniq_ips': 1}}",CVE-2022-36923,47,2025-04-30 12:50:02.491632
Wordpress,Wordpress ARPrice Lite plugin,True,True,1,1.0,16,27,88,"{'04/05/2025': {'connections': 1, 'uniq_ips': 1}}",CVE-2022-0867,7953,2025-05-04 12:46:29.967613
Totolink,Totolink N600R,True,True,1,1.0,1,1,1,"{'20/04/2025': {'connections': 1, 'uniq_ips': 1}}",CVE-2022-28912,1,2025-04-20 12:43:37.112621
OS4ED,openSIS-Classic Version,True,True,1,1.0,1,1,1,"{'06/12/2024': {'connections': 1, 'uniq_ips': 1}}",CVE-2024-51211,1,2024-12-06 12:48:30.333924
Ruckus,Ruckus Wireless Admin,True,True,1,1.0,55,37,37,"{'05/05/2025': {'connections': 1, 'uniq_ips': 1}}",CVE-2023-25717,390,2025-05-05 12:51:44.001960
Kyocera,Kyocera Printer d-COPIA253MF plus,True,True,1,1.0,17,18,48,"{'04/05/2025': {'connections': 1, 'uniq_ips': 1}}",CVE-2020-23575,3664,2025-05-04 12:46:29.833001
SPIP,SPIP,True,True,1,1.0,11,14,56,{},CVE-2024-7954,3484,2025-05-06 12:52:58.548935
rConfig,rConfig,True,True,1,1.0,97,36,50,"{'04/05/2025': {'connections': 1, 'uniq_ips': 1}}",CVE-2019-16662,8921,2025-05-04 12:46:29.959230
Yachtcontrol,Yachtcontrol,True,True,1,1.0,14,11,44,"{'04/05/2025': {'connections': 1, 'uniq_ips': 1}}",CVE-2019-17270,6166,2025-05-04 12:46:29.837605
rConfig,rConfig,True,True,1,1.0,16,12,44,"{'04/05/2025': {'connections': 1, 'uniq_ips': 1}}",CVE-2020-10546,3945,2025-05-04 12:46:29.869079
Riello UPS,Netman 2024,True,True,1,1.0,18,11,37,"{'04/05/2025': {'connections': 1, 'uniq_ips': 1}}",CVE-2024-8877,1529,2025-05-04 12:46:29.895890
Micro Focus,Operation Bridge Manager UCMDB,True,True,1,1.0,9,24,79,"{'04/05/2025': {'connections': 1, 'uniq_ips': 1}}",CVE-2020-11854,4144,2025-05-04 12:46:29.893750
Mitel,MiCollab AWV,True,True,1,1.0,18,12,49,"{'04/05/2025': {'connections': 1, 'uniq_ips': 1}}",CVE-2020-11798,2636,2025-05-04 12:46:29.848596
Artica,Artica Proxy,True,True,1,1.0,20,13,52,"{'04/05/2025': {'connections': 1, 'uniq_ips': 1}, '05/05/2025': {'connections': 1, 'uniq_ips': 1}}",CVE-2020-13158,3811,2025-05-04 12:46:29.918023
D-Link,D-Link DIR-825,True,True,1,1.0,1,1,1,"{'28/01/2025': {'connections': 1, 'uniq_ips': 1}, '04/02/2025': {'connections': 1, 'uniq_ips': 1}, '05/02/2025': {'connections': 1, 'uniq_ips': 1}, '06/03/2025': {'connections': 1, 'uniq_ips': 1}, '07/03/2025': {'connections': 1, 'uniq_ips': 1}}",CVE-2020-29557,122,2025-01-28 12:42:09.379204
PaperCut,PaperCut MF/NG,True,True,1,1.0,23,51,135,"{'04/05/2025': {'connections': 1, 'uniq_ips': 1}}",CVE-2023-27350,26752,2025-05-04 12:46:29.846671
ABUS,ABUS TVIP 20000-21150,True,True,1,1.0,1,1,1,{},CVE-2023-26609,3,2025-02-15 12:39:22.937327
pyLoad,pyLoad,True,True,1,1.0,1,1,28,{},CVE-2023-0297,122,2025-04-24 12:51:31.798799
Dahua,Smart Park Management,True,True,1,1.0,17,20,59,"{'04/05/2025': {'connections': 1, 'uniq_ips': 1}}",CVE-2023-3836,6994,2025-05-04 12:46:29.893513
SonicWall,SonicWall GMS and Analytics,True,True,1,1.0,20,25,97,"{'04/05/2025': {'connections': 1, 'uniq_ips': 1}}",CVE-2023-34133,9418,2025-05-04 12:46:29.836129
Wordpress,Wordpress Easy Digital Downloads plugin,True,True,1,1.0,26,33,92,"{'04/05/2025': {'connections': 1, 'uniq_ips': 1}}",CVE-2023-23489,7522,2025-05-04 12:46:29.832797
Array Networks,Array AG Series and vxAG,True,True,1,1.0,1,1,1,{},CVE-2023-28461,105,2025-04-24 12:51:31.868678
FSMLabs,TimeKeeper,True,True,1,1.0,26,36,271,"{'04/05/2025': {'connections': 1, 'uniq_ips': 1}}",CVE-2023-31465,27590,2025-05-04 12:46:29.856423
Nette,Nette,True,True,1,1.0,1,1,1,"{'15/04/2025': {'connections': 1, 'uniq_ips': 1}}",CVE-2020-15227,582,2025-04-15 12:50:19.601228
Progress,WhatsUp Gold,True,True,1,1.0,7,20,18,"{'04/05/2025': {'connections': 1, 'uniq_ips': 1}, '05/05/2025': {'connections': 1, 'uniq_ips': 1}}",CVE-2024-6670,1743,2025-05-04 12:46:29.950219
Homebrew Computer Company,Jan,True,True,1,1.0,8,19,175,"{'04/05/2025': {'connections': 1, 'uniq_ips': 1}}",CVE-2024-36857,6719,2025-05-04 12:46:29.883404
Netentsec,NS-ASG Application Security Gateway,True,True,1,1.0,22,8,38,"{'04/05/2025': {'connections': 1, 'uniq_ips': 1}}",CVE-2024-2330,1903,2025-05-04 12:46:29.849822
Totolink,Totolink X18,True,True,1,1.0,6,21,35,"{'27/04/2025': {'connections': 1, 'uniq_ips': 1}}",CVE-2024-2353,743,2025-04-27 12:44:28.065569
Spring,Spring Data REST,True,True,1,1.0,1,1,1,"{'30/10/2024': {'connections': 1, 'uniq_ips': 1}, '26/12/2024': {'connections': 1, 'uniq_ips': 1}, '27/12/2024': {'connections': 1, 'uniq_ips': 1}}",CVE-2017-8046,6,2024-10-30 12:45:10.037758
Oracle,BI Publisher (Oracle Fusion Middleware),True,True,1,1.0,3,11,70,"{'04/05/2025': {'connections': 1, 'uniq_ips': 1}}",CVE-2019-2768,3950,2025-05-04 12:46:29.838190
Hikvision,Hikvision DS series multiple products,True,True,1,1.0,7,11,9,"{'03/05/2025': {'connections': 1, 'uniq_ips': 1}, '04/05/2025': {'connections': 1, 'uniq_ips': 1}}",CVE-2017-7921,1749,2025-05-03 12:45:43.804402
Western Digital,MyCloud PR4100,True,True,1,1.0,1,1,1,"{'21/10/2024': {'connections': 1, 'uniq_ips': 1}, '05/12/2024': {'connections': 1, 'uniq_ips': 1}, '06/12/2024': {'connections': 1, 'uniq_ips': 1}}",CVE-2017-17560,4,2024-10-21 12:45:00.431568
Zivif,Zivif PR115-204-P-RS,True,True,1,1.0,17,17,17,"{'07/04/2025': {'connections': 1, 'uniq_ips': 1}}",CVE-2017-17105,48,2025-04-07 12:50:47.367181
TopThink,ThinkPHP3,True,True,1,1.0,1,1,1,"{'15/07/2024': {'connections': 1, 'uniq_ips': 1}, '16/07/2024': {'connections': 1, 'uniq_ips': 1}, '02/11/2024': {'connections': 1, 'uniq_ips': 1}, '03/11/2024': {'connections': 1, 'uniq_ips': 1}}",CVE-2021-44892,1,2024-07-16 06:01:18.743265
F-Logic,DataCube3,True,True,1,1.0,1,1,1,"{'06/12/2024': {'connections': 1, 'uniq_ips': 1}}",CVE-2024-34854,1,2024-12-06 12:48:30.337710
FastAdmin,FastAdmin,True,True,1,1.0,19,25,51,"{'04/05/2025': {'connections': 1, 'uniq_ips': 1}, '05/05/2025': {'connections': 1, 'uniq_ips': 1}}",CVE-2024-7928,2847,2025-05-04 12:46:29.934745
Oracle,BI Publisher (Oracle Fusion Middleware),True,True,1,1.0,15,10,42,"{'04/05/2025': {'connections': 1, 'uniq_ips': 1}, '05/05/2025': {'connections': 1, 'uniq_ips': 1}}",CVE-2019-2588,2208,2025-05-04 12:46:29.862401
Palo Alto Networks,Palo Alto Networks Expedition,True,True,1,1.0,1,1,1,"{'04/04/2025': {'connections': 1, 'uniq_ips': 1}}",CVE-2024-5910,13,2025-04-04 12:48:48.532340
TopThink,ThinkPHP5,True,True,1,1.0,2,2,2,"{'29/04/2025': {'connections': 1, 'uniq_ips': 1}, '02/05/2025': {'connections': 1, 'uniq_ips': 1}, '03/05/2025': {'connections': 1, 'uniq_ips': 1}, '04/05/2025': {'connections': 1, 'uniq_ips': 1}}",CVE-2019-9082,9,2025-04-29 12:54:13.743426
Homebrew Computer Company,Jan,True,True,1,1.0,6,19,184,"{'04/05/2025': {'connections': 1, 'uniq_ips': 1}}",CVE-2024-36858,6844,2025-05-04 12:46:29.810057
HuangDou,HuangDou UTCMS,True,True,1,1.0,1,1,1,"{'19/02/2025': {'connections': 1, 'uniq_ips': 1}}",CVE-2024-9916,1,2025-02-19 12:41:53.439110
Lansweeper,Lansweeper,True,True,1,1.0,19,20,48,"{'04/05/2025': {'connections': 1, 'uniq_ips': 1}}",CVE-2019-13462,1712,2025-05-04 12:46:29.868201
Four-Faith,Four-Faith F3x24 and F3x36,True,True,1,1.0,2,2,8,"{'03/05/2025': {'connections': 1, 'uniq_ips': 1}}",CVE-2024-12856,62,2025-05-03 12:45:43.710249
Telerik,Telerik,True,True,1,1.0,10,21,27,"{'26/04/2025': {'connections': 1, 'uniq_ips': 1}}",CVE-2019-18935,2556,2025-04-26 12:44:01.275582
Ignite Realtime,Openfire,True,True,1,1.0,36,26,44,"{'04/05/2025': {'connections': 1, 'uniq_ips': 1}}",CVE-2019-18394,5205,2025-05-04 12:46:29.892620
Lightdash,Lightdash,True,True,1,1.0,16,10,37,"{'04/05/2025': {'connections': 1, 'uniq_ips': 1}}",CVE-2023-35844,3657,2025-05-04 12:46:29.914716
D-Link/TRENDnet,D-Link/TRENDnet multiple devices,True,True,1,1.0,1,1,1,"{'24/09/2024': {'connections': 1, 'uniq_ips': 1}, '27/11/2024': {'connections': 1, 'uniq_ips': 1}, '28/11/2024': {'connections': 1, 'uniq_ips': 1}}",CVE-2015-1187,1,2024-09-24 12:45:04.005089
Wazuh,Wazuh,True,True,1,1.0,1,1,1,{},CVE-2025-24016,4,2025-05-06 12:52:58.567301
PrestaShop,PrestaShop tshirtecommerce,True,True,1,1.0,15,12,48,"{'04/05/2025': {'connections': 1, 'uniq_ips': 1}}",CVE-2023-27640,3112,2025-05-04 12:46:29.812151
Tenda,Tenda AC7/AC9/AC10,True,True,1,1.0,1,1,3,"{'29/04/2025': {'connections': 1, 'uniq_ips': 1}, '02/05/2025': {'connections': 1, 'uniq_ips': 1}, '03/05/2025': {'connections': 1, 'uniq_ips': 1}}",CVE-2018-14558,132,2025-04-29 12:54:13.624372
Anyscale,Ray,True,True,1,1.0,1,1,1,"{'21/02/2025': {'connections': 1, 'uniq_ips': 1}}",CVE-2023-48022,2480,2025-02-21 12:44:12.664340
Zoho,ManageEngine OpManager,True,True,1,1.0,1,1,1,"{'30/04/2025': {'connections': 1, 'uniq_ips': 1}}",CVE-2018-17283,58,2025-04-30 12:50:02.355937
Ivanti,Sentry,True,True,1,1.0,1,1,56,{},CVE-2023-38035,2449,2025-04-24 12:51:31.903570
D-Link,D-Link DIR-610,True,True,1,1.0,1,5,3,"{'21/04/2025': {'connections': 1, 'uniq_ips': 1}, '24/04/2025': {'connections': 1, 'uniq_ips': 1}, '25/04/2025': {'connections': 1, 'uniq_ips': 1}}",CVE-2020-9377,109,2025-04-21 12:49:10.005403
Wowza Media Systems,Wowza Streaming Engine,True,True,1,1.0,17,13,53,"{'04/05/2025': {'connections': 1, 'uniq_ips': 1}}",CVE-2018-19365,3966,2025-05-04 12:46:29.828659
WBCE,WBCE CMS,True,True,1,1.0,16,22,67,"{'04/05/2025': {'connections': 1, 'uniq_ips': 1}}",CVE-2023-39796,6490,2025-05-04 12:46:29.927580
vBulletin,vBulletin,True,True,1,1.0,23,33,80,"{'04/05/2025': {'connections': 1, 'uniq_ips': 1}}",CVE-2023-25135,7955,2025-05-04 12:46:29.905993
Elastic,Kibana,True,True,1,1.0,40,21,42,"{'04/05/2025': {'connections': 1, 'uniq_ips': 1}}",CVE-2018-17246,4967,2025-05-04 12:46:29.880556
CONTEC,SolarView Compact,True,True,1,1.0,21,17,69,"{'04/05/2025': {'connections': 1, 'uniq_ips': 1}}",CVE-2023-29919,6247,2025-05-04 12:46:29.861524
JEECG,jeecg-boot,True,True,1,1.0,20,28,77,"{'04/05/2025': {'connections': 1, 'uniq_ips': 1}}",CVE-2023-1454,6961,2025-05-04 12:46:29.864091
D-Link,D-Link D-View 8,True,True,1,1.0,18,33,59,"{'04/05/2025': {'connections': 1, 'uniq_ips': 1}}",CVE-2023-5074,6313,2025-05-04 12:46:29.946567
Totolink,Totolink A3700R,True,True,1,1.0,16,43,56,"{'04/05/2025': {'connections': 1, 'uniq_ips': 1}}",CVE-2023-46574,5293,2025-05-04 12:46:29.911242
QNAP,QTS and QuTS Hero,True,False,1,,1,1,1,,CVE-2023-39296,1,2024-03-25 12:01:19.197225
PHP,PHP-FPM (FastCGI Process Manager),False,True,0,,0,0,182,,CVE-2019-11043,0,2024-03-12 10:43:50.969240
Oracle,Oracle Weblogic Server,True,True,0,0.0,14,216,565,{},CVE-2018-2894,49058,2025-05-05 12:51:43.900458
Geoserver,Geoserver (JAI-EXT),True,True,0,0.0,25,146,318,{},CVE-2022-24816,44052,2025-05-05 12:51:44.036117
Zoho,ManageEngine Desktop Central (now Engine Central),True,True,0,0.0,18,154,341,{},CVE-2020-10189,22122,2025-05-05 12:51:43.949973
Zyxel,"USG FLEX 100, 100W, 200, 500, 700, USG20-VPN, USG20W-VPN, ATP 100, 200, 500, 700, 800",True,True,0,0.0,13,30,70,{},CVE-2022-30525,11850,2025-05-05 12:51:43.920531
JFrog,Artifactory,True,True,0,0.0,3,162,353,{},CVE-2019-9733,26024,2025-05-05 12:51:43.909463
OpenNetAdmin,OpenNetAdmin,False,False,0,,0,0,2,,CVE-2019-25065,0,2024-03-12 10:43:50.953187
SAP,"NetWeaver Application Server ABAP, SAP NetWeaver Application Server Java, ABAP Platform, SAP Content Server 7.53 and SAP Web Dispatcher",True,True,0,0.0,1,5,8,{},CVE-2022-22536,282,2025-05-06 12:52:58.582341
VMware,Workspace ONE Access and Identity Manager,True,True,0,0.0,20,37,44,{},CVE-2022-22954,1074,2025-05-05 12:51:43.901667
Hytec Inter,Hytec Inter HWL-2511-SS,True,True,0,0.0,0,0,4,{},CVE-2022-36553,52,2025-04-11 12:49:10.500618
CERIO,CERIO DT-300N,True,True,0,0.0,2,10,150,{},CVE-2018-18852,6702,2025-05-05 12:51:44.020170
Totolink,A3002RU,True,True,0,0.0,0,0,17,{},CVE-2018-13307,31,2025-01-04 12:41:11.877286
Oracle,Oracle Weblogic Server,True,True,0,0.0,0,0,7,{},CVE-2019-2618,19,2025-03-06 12:46:50.130868
Adobe,Adobe Commerce (Magento),False,True,0,,0,2,15,,CVE-2022-24086,0,2024-03-12 10:43:50.942002
D-Link,D-Link DIR-859,True,True,0,0.0,739,423,423,{},CVE-2019-17621,1375,2024-10-01 12:45:25.618855
Microsoft,Exchange,True,True,0,0.0,631,597,566,{},CVE-2022-41082,104198,2025-05-06 12:52:58.500355
Fortinet,FortiNAC,True,True,0,0.0,15,68,90,{},CVE-2022-39952,12463,2025-05-05 12:51:43.987149
Apache,OFBiz,True,True,0,0.0,40,122,321,{},CVE-2011-3600,30468,2025-05-05 12:51:44.012153
Roxy-WI,Roxy-WI,True,True,0,0.0,32,34,87,{},CVE-2022-31126,9313,2025-05-05 12:51:44.004733
Kentico,Kentico,True,True,0,0.0,2,50,40,{},CVE-2019-10068,726,2025-04-26 12:44:01.226947
Zoho,ManageEngine (multiple products),True,True,0,0.0,22,31,76,{},CVE-2022-47966,8419,2025-05-05 12:51:44.007842
Sonatype,Nexus Repository Manager,True,True,0,0.0,39,126,267,{},CVE-2019-7238,29215,2025-05-05 12:51:43.928093
Ctek,SkyRouter,True,False,0,,0,0,2,,CVE-2011-5010,0,2024-03-12 10:43:50.936757
CONTEC,SolarView Compact,True,True,0,0.0,16,29,78,{},CVE-2022-40881,8972,2025-05-05 12:51:43.968185
netis,netis WF2419,True,True,0,,0,0,1,,CVE-2019-19356,0,2024-03-12 10:43:50.941712
Zhone,zNID GPON 2426A,True,True,0,0.0,0,10,9,{},CVE-2014-9118,797,2025-04-23 12:51:06.651532
AVM,Fritz!Box,True,True,0,0.0,21,8,17,{},CVE-2014-9727,169,2025-03-16 12:41:26.036639
Verizon,Verizon Fios Quantum Gateway (G1100),True,True,0,0.0,0,0,51,{},CVE-2019-3914,51,2024-11-27 12:48:49.092770
Wordpress,Wordpress Social Warfare plugin,True,True,0,0.0,14,10,85,{},CVE-2019-9978,5882,2025-05-06 12:52:58.531069
Wordpress,Wordpress Visualizer plugin (by Themeisle),True,True,0,0.0,0,14,5,{},CVE-2019-16932,58,2025-03-26 12:49:20.348181
IBM,BigFix,True,True,0,0.0,712,871,839,{},CVE-2019-4061,18186,2024-10-28 12:46:31.680485
Schneider Electric,Pelco Endura NET55XX Encoder,True,False,0,,0,0,2,,CVE-2019-6814,0,2024-03-12 10:43:50.939218
i3Geo,i3Geo,True,True,0,0.0,0,0,1,{},CVE-2022-32409,5,2025-02-02 12:38:14.444061
F5,BIG-IP,True,True,0,0.0,11,9,14,{},CVE-2016-5700,334,2025-05-06 12:52:58.481862
SonicWall,SonicWall Global Management System,True,True,0,0.0,2,1,1,{},CVE-2018-9866,18,2025-01-16 01:42:44.113883
mongo-express,mongo-express,True,True,0,0.0,23,143,328,{},CVE-2019-10758,26387,2025-05-05 12:51:43.916705
Wordpress,Wordpress Oturia Smart Google Code Inserter plugin,True,True,0,0.0,3,196,489,{},CVE-2018-3810,40075,2025-05-05 12:51:43.945445
"Open Source Matters, Inc/Joomla community",Joomla,False,False,0,,0,6,3,,CVE-2015-8562,0,2024-03-12 10:43:50.926597
WSO2,"WSO2 API Manager, API Microgateway",True,True,0,0.0,2,170,480,{},CVE-2020-24589,29875,2025-05-05 12:51:43.895916
Apache,Flink,True,True,0,0.0,59,166,515,{},CVE-2020-17519,46401,2025-05-05 12:51:43.971452
Guangzhou,Guangzhou 1GE ONU (GPON),True,True,0,0.0,0,2,1,{},CVE-2020-8958,461,2025-04-05 12:42:37.753179
IBAX,go-ibax,True,True,0,0.0,14,26,70,{},CVE-2022-3801,6917,2025-05-05 12:51:44.010324
Apache,Airflow,True,True,0,0.0,14,260,735,{},CVE-2020-11978,55662,2025-05-05 12:51:43.898808
HPE,LinuxKI,True,True,0,0.0,20,12,46,{},CVE-2020-7209,5157,2025-05-05 12:51:43.910613
SAP,NetWeaver AS JAVA (LM Configuration Wizard),True,True,0,0.0,44,157,466,{},CVE-2020-6287,29050,2025-05-05 12:51:43.912626
Grafana,Grafana,True,True,0,0.0,63,25,112,{},CVE-2020-13379,9710,2025-05-05 12:51:44.012726
IBM,Aspera Faspex,True,True,0,0.0,23,29,77,{},CVE-2022-47986,7489,2025-05-05 12:51:43.982272
Draytek,"Draytek Vigor2960, Vigor3900, Vigor300B",True,True,0,0.0,51,219,336,{},CVE-2020-8515,34136,2025-05-04 12:46:29.969432
rConfig,rConfig,True,True,0,0.0,13,233,719,{},CVE-2020-13638,56043,2025-05-05 12:51:44.030129
Oracle,Oracle Weblogic Server,True,True,0,0.0,2,7,10,{},CVE-2020-14883,2132,2025-04-14 12:50:22.192708
IBM,Maximo Asset Management,True,True,0,0.0,60,342,1271,{},CVE-2020-4463,80874,2025-05-05 12:51:43.986722
D-Link,D-Link DIR-825,True,True,0,0.0,0,0,41,{},CVE-2020-10215,41,2024-11-27 12:48:49.075130
Tenda,AC15/AC1900,True,True,0,0.0,0,0,51,{},CVE-2020-15916,62,2024-11-27 12:48:49.171041
Apache,Flink,True,True,0,0.0,35,179,597,{},CVE-2020-17518,40656,2025-05-05 12:51:43.891170
Easy!Appointments,Easy!Appointments,True,True,0,0.0,0,1,2,{},CVE-2022-0482,28,2024-12-07 12:44:07.000990
Grandstream,UCM6200 series,True,True,0,0.0,0,10,8,{},CVE-2020-5722,31,2025-04-01 12:50:51.367798
Apache,Airflow,True,True,0,0.0,0,0,1,{},CVE-2022-24288,4,2025-02-02 12:38:14.424427
Drupal,Drupal,False,True,0,,0,2,2,,CVE-2019-6340,0,2024-03-12 10:43:50.946989
Apache,Cocoon,True,True,0,0.0,23,134,319,{},CVE-2020-11991,26325,2025-05-05 12:51:43.950366
Atlassian,Crowd/Crowd Data Center,True,True,0,0.0,13,213,565,{},CVE-2019-11580,46803,2025-05-05 12:51:44.004341
Spring,Spring Cloud Gateway,True,True,0,0.0,187,90,61,{},CVE-2022-22947,5483,2025-05-03 12:45:43.796376
Wordpress,Wordpress Simple File List plugin,True,True,0,0.0,29,22,285,{},CVE-2020-12832,14882,2025-05-06 12:52:58.599409
RaspAP,RaspAP,True,True,0,0.0,29,29,76,{},CVE-2022-39986,7925,2025-05-05 12:51:43.979445
The Digital Craft,AtomCMS,True,True,0,0.0,31,32,82,{},CVE-2022-25487,9956,2025-05-05 12:51:44.006019
Bitrix,Bitrix24 Web Application Firewall,False,False,0,,0,2,133,,CVE-2020-13483,0,2024-03-12 10:43:50.933870
Myucms,Myucms,True,True,0,0.0,33,21,131,{},CVE-2020-21650,11273,2025-05-05 12:51:43.980637
ASUS,ASUS RT series routers,True,True,0,0.0,0,0,1,{},CVE-2013-5948,52,2024-11-15 12:45:30.393265
D-Link,D-Link IP Cameras,True,True,0,0.0,0,0,193,{},CVE-2013-1599,1271,2024-11-27 12:48:49.116890
vBulletin,vBulletin,True,True,0,0.0,3,151,336,{},CVE-2020-12720,24579,2025-05-05 12:51:43.931837
ThinkAdmin,ThinkAdmin,True,True,0,0.0,0,111,197,{},CVE-2020-25540,1066,2024-11-09 12:39:16.843345
Totolink,"A3100R, A810R, A830R, A860R, A950RG, A3100R, T6, and T10 routers",True,False,0,,0,0,1,,CVE-2022-25075,0,2024-03-12 10:43:50.953618
Magento,Magento Mass Import (MAGMI) plugin,True,True,0,0.0,31,206,705,{},CVE-2020-5776,44760,2025-05-05 12:51:43.964203
Draytek,"Vigor3900, Vigor2960, Vigor300B",True,True,0,0.0,0,1,14,{},CVE-2020-15415,55,2024-12-14 12:43:12.821570
Sophos,Sophos Mobile,True,True,0,0.0,2,26,84,{},CVE-2022-3980,7782,2025-05-05 12:51:43.896115
Wordpress,Wordpress Chop Slider plugin,True,True,0,0.0,3,148,335,{},CVE-2020-11530,23398,2025-05-05 12:51:43.923424
Bonitasoft,Bonitasoft,True,True,0,0.0,2,51,45,{},CVE-2022-25237,726,2025-04-26 12:44:01.181664
Emerson Dixell,XWEB-500,True,True,0,0.0,15,14,166,{},CVE-2021-45420,8998,2025-05-05 12:51:43.988575
HPE,HPE intelligent Management Center (iMC) PLAT,True,True,0,0.0,2,11,181,{},CVE-2017-8961,7983,2025-05-06 12:52:58.544379
Zivif,Zivif PR115-204-P-RS,True,True,0,0.0,0,1,1,{},CVE-2017-17106,7,2024-09-01 12:01:11.472773
Grafana,Grafana,True,True,0,0.0,1,12,292,{},CVE-2021-43798,13607,2025-05-05 12:51:43.911060
Odoo,Odoo,True,True,0,0.0,19,34,109,{},CVE-2023-1434,6447,2025-05-06 12:52:58.486890
Wordpress,BuddyPress plugin,True,True,0,0.0,32,143,345,{},CVE-2021-21389,27224,2025-05-05 12:51:43.892262
Zyxel,Zyxel NAS326/NAS540/NAS542,True,True,0,0.0,0,0,6,{},CVE-2023-27992,58,2025-04-08 12:50:16.207163
VMware,vCenter,True,True,0,0.0,30,164,502,{},CVE-2021-22005,34608,2025-05-05 12:51:44.002525
Apache,OFBiz,True,True,0,0.0,16,16,60,{},CVE-2023-49070,7352,2025-05-05 12:51:43.989581
Rocket.Chat,Rocket.Chat,True,True,0,0.0,24,135,324,{},CVE-2021-22911,20802,2025-05-05 12:51:44.025067
Adobe,ColdFusion,True,True,0,0.0,2,29,86,{},CVE-2023-29300,7554,2025-05-05 12:51:43.910837
QNAP,QNAP QTS and QuTS Hero,True,True,0,0.0,15,18,235,{},CVE-2023-47218,23266,2025-05-05 12:51:43.893850
Chamilo,LMS,True,True,0,0.0,2,21,337,{},CVE-2021-34187,16652,2025-05-05 12:51:44.032755
Totolink,A720R,True,True,0,0.0,200,141,56,{},CVE-2021-35327,2402,2024-08-08 06:01:09.766686
Citrix,Citrix ShareFile StorageZones (aka storage zones) Controller,True,True,0,0.0,0,0,308,{},CVE-2023-24489,308,2024-11-22 12:46:11.288355
Ignite Realtime,Openfire,True,True,0,0.0,0,0,1,{},CVE-2023-32315,2,2024-08-13 06:01:07.785417
Ruijie Networks,Ruijie BCR810W,True,True,0,0.0,0,35,120,{},CVE-2023-3608,76062,2025-05-05 12:51:43.974669
Fortinet,FortiWLM,True,True,0,0.0,2,157,223,{},CVE-2023-34993,20399,2025-05-05 12:51:43.962817
UDP Technology,video camera firmware for multiple vendors,True,True,0,0.0,38,788,586,{},CVE-2021-33544,50059,2025-05-04 12:46:29.912970
Progress,WS_FTP Server,True,True,0,0.0,0,0,14,{},CVE-2023-40044,19,2024-12-27 12:42:08.498898
Qlik,Qlik Sense,True,True,0,0.0,10,10,10,{},CVE-2023-41265,991,2025-05-02 12:49:30.065629
Sitecore,"Experience Manager, Experience Platform, and Experience Commerce",True,True,0,0.0,30,32,76,{},CVE-2023-35813,7983,2025-05-05 12:51:43.901860
NETGEAR,RAX43,True,True,0,0.0,8,250,345,{},CVE-2021-20166,24645,2025-05-04 12:46:29.939986
PrestaShop,PrestaShop jmsblog,True,True,0,0.0,0,2,2,{},CVE-2023-27034,2063,2025-03-26 12:49:20.263192
VMware,Aria Operations for Networks,True,True,0,0.0,11,27,75,{},CVE-2023-20887,9168,2025-05-05 12:51:43.976182
Wordpress,Wordpress Perfect Survey plugin,True,True,0,0.0,24,153,244,{},CVE-2021-24762,16514,2025-05-05 12:51:44.024777
SugarCRM,SugarCRM,True,True,0,0.0,3,4,11,{},CVE-2023-22952,688,2025-04-27 12:44:28.036702
Void Sistemas,Aurall REC Monitor,True,True,0,0.0,32,140,335,{},CVE-2021-25899,20177,2025-05-05 12:51:43.998388
Microsoft,Open Management Infrastructure (OMI),True,True,0,0.0,32,135,108,{},CVE-2021-38647,11674,2025-05-04 12:46:29.811957
Hikvision,Hikvision Web Server,True,True,0,0.0,50,110,891,{},CVE-2021-36260,104033,2025-05-04 12:46:29.822908
Gerapy,Gerapy,False,False,0,,0,1,1,,CVE-2021-32849,0,2024-03-12 10:43:50.922692
D-Link,D-Link DSL-2750U,True,True,0,0.0,1,11,91,{},CVE-2021-3708,5920,2025-05-05 12:51:43.952332
Sitecore,Sitecore XP,True,True,0,0.0,11,25,72,{},CVE-2021-42237,9171,2025-05-04 12:46:29.964141
Arcadyan,Arcadyan manufactured devices (multiple vendors),True,True,0,0.0,0,0,1,{},CVE-2021-20090,4,2024-10-10 12:43:46.578831
SonicWall,SonicWall Secure Remote Access,True,True,0,0.0,2,25,47,{},CVE-2021-20028,3331,2025-05-05 12:51:43.891388
Wordpress,Wordpress ProfilePress plugin,True,True,0,0.0,47,158,156,{},CVE-2021-34624,11340,2025-05-05 12:51:43.972037
LILIN,LILIN DVR,True,True,0,0.0,12,7,24,{},CVE-2021-30168,2972,2025-04-04 12:48:48.507254
Commvault,CommCell,True,True,0,0.0,23,118,232,{},CVE-2021-34993,16223,2025-05-05 12:51:43.923014
Apache,Druid,True,True,0,0.0,142,237,391,{},CVE-2021-25646,43218,2025-05-05 12:51:43.933040
Microsoft,SharePoint,True,True,0,0.0,28,26,85,{},CVE-2023-29357,9507,2025-05-05 12:51:44.009626
SAP,NetWeaver Development Infrastructure,True,True,0,0.0,3,156,127,{},CVE-2021-33690,9972,2025-05-05 12:51:43.932848
Atlassian,JIRA,True,True,0,0.0,1,1,465,{},CVE-2021-26086,18195,2025-04-26 12:44:01.265181
Zyxel,Zyxel DX5401-B0,True,True,0,0.0,1,9,86,{},CVE-2023-28770,3931,2025-05-05 12:51:43.985269
Zyxel,Zyxel NAS326/NAS542,True,True,0,0.0,0,0,317,{},CVE-2023-4473,708,2024-07-28 06:01:26.179100
JEECG,jeecg-boot,True,True,0,0.0,31,90,76,{},CVE-2023-34659,6946,2025-05-02 12:49:30.020827
Wordpress,Wordpress LearnPress plugin,True,True,0,0.0,1,15,346,{},CVE-2023-6634,7570,2025-04-04 01:53:58.962087
Korenix,"Jetwave 4200, Jetwave 3000 Series",True,False,0,,0,0,1,,CVE-2023-23295,0,2024-03-12 10:43:50.922867
Citrix,Citrix ADC and Citrix Gateway,True,True,0,0.0,0,41,22,{},CVE-2023-3519,175,2025-02-28 12:44:49.300213
Zyxel,nan,True,True,0,0.0,413,413,2281,{},CVE-2023-28771,90098,2025-05-06 12:52:58.609649
PuneethReddyHC,PuneethReddyHC,True,True,0,0.0,34,35,83,{},CVE-2021-41649,7642,2025-05-05 12:51:43.953316
WAGO,WAGO products (multiple),True,True,0,0.0,22,30,79,{},CVE-2023-1698,9081,2025-05-05 12:51:43.938884
C-DATA,C-DATA Web Management System,True,True,0,0.0,0,1,4,{},CVE-2022-4257,841,2025-01-12 01:54:53.828851
Palo Alto Networks,GlobalProtect,True,True,0,0.0,547,475,286,{},CVE-2024-3400,17209,2025-05-06 12:52:58.514811
QNAP,QNAP QTS and QuTS Hero,True,True,0,0.0,13385,13247,10539,{},CVE-2024-21899,110916,2025-05-02 12:49:30.030479
CrushFTP,CrushFTP,True,True,0,0.0,29,44,48,{},CVE-2024-4040,10944,2025-05-06 12:52:58.499094
Wordpress,Wordpress KiviCare plugin,True,True,0,0.0,18,24,74,{},CVE-2022-0786,7261,2025-05-05 12:51:43.933438
Thruk,Thruk,True,True,0,0.0,21,14,159,{},CVE-2022-23961,13759,2025-05-06 12:52:58.627486
Progress,MOVEit Transfer,True,True,0,0.0,0,0,3,{},CVE-2024-5806,929,2025-01-12 01:54:53.896161
Apache,OFBiz,True,True,0,0.0,25,19,70,{},CVE-2024-45195,3958,2025-05-05 12:51:44.037849
ServiceNow,"Now Platform (Washington DC, Vancouver, and earlier releases)",True,True,0,0.0,7,3,13,{},CVE-2024-5217,1501,2025-03-02 12:40:20.504891
Atlassian,Confluence,True,True,0,0.0,0,4,4,{},CVE-2024-21683,775,2025-04-04 01:53:59.046692
Kyocera,Kyocera Multifunction Printers,True,True,0,0.0,0,0,132,{},CVE-2022-1026,687,2025-03-06 12:46:50.043341
ZEROF,ZEROF Web Server,True,True,0,0.0,33,150,230,{},CVE-2022-25322,14875,2025-05-05 12:51:43.985646
Dasan,Dasan GPON ONT WiFi Router H640X,True,True,0,0.0,0,0,6,{},CVE-2017-18046,13,2025-03-06 12:46:50.122923
Spring,Spring Framework,True,True,0,0.0,43,49,125,{},CVE-2022-22965,27729,2025-05-05 12:51:43.985952
NETGEAR,NETGEAR DGN2200,True,True,0,0.0,0,26,10,{},CVE-2017-6334,40,2025-01-20 12:43:35.928463
Alibaba,Fastjson,True,True,0,0.0,15,13,141,{},CVE-2017-18349,9547,2025-05-05 12:51:43.978024
TP-Link,TP-Link multiple devices,True,True,0,0.0,0,0,3,{},CVE-2017-16959,153,2024-12-28 12:40:35.661898
Apache,Struts,True,True,0,0.0,13,200,556,{},CVE-2017-9805,42519,2025-05-05 12:51:43.954128
Apache,Tomcat,True,True,0,0.0,0,6,4,{},CVE-2017-12615,319,2025-04-29 12:54:13.751206
WAVLINK,WAVLINK WN535K2 and WN535K3,True,True,0,0.0,21,25,68,{},CVE-2022-2487,7737,2025-05-05 12:51:43.937049
Apache,Struts,True,True,0,0.0,8,43,87,{},CVE-2017-5638,7356,2025-05-06 12:52:58.476765
RedHat,JBoss,True,True,0,0.0,0,1,3,{},CVE-2017-12149,14,2025-02-01 12:38:29.088443
Supervisor,XML-RPC Server,True,True,0,0.0,3,55,47,{},CVE-2017-11610,1780,2025-05-01 12:49:11.653219
ABB,"ABB ASPECT-Enterprise on Linux, ABB NEXUS Series on Linux, ABB MATRIX Series on Linux",True,True,0,0.0,0,0,43,{},CVE-2024-6298,95,2025-05-04 12:46:29.885961
Linksys,Linksys RE7000,True,True,0,0.0,24,16,49,{},CVE-2024-25852,3598,2025-05-05 12:51:43.936161
Wordpress,Wordpress MapSVG plugin,True,True,0,0.0,0,1,2,{},CVE-2022-0592,66,2025-01-19 12:38:39.852631
QNAP,"QNAP QTS, QuTSCloud, QuTS Hero",True,True,0,0.0,0,8,8,{},CVE-2024-27130,12,2024-09-01 12:01:11.467420
Ivanti,"Ivanti Connect Secure, Policy Secure and ZTA",True,True,0,0.0,29,32,80,{},CVE-2024-22024,20387,2025-05-05 12:51:43.951667
Apache,Apache HTTP Server,True,True,0,0.0,1,25,212,{},CVE-2021-40438,13979,2025-05-06 12:52:58.590346
GNU,GNU Bash,False,True,0,,0,0,208,,CVE-2014-6271,0,2024-03-12 10:43:50.940403
Netis,Netis MW5360,True,True,0,0.0,0,0,1297,{},CVE-2024-22729,7617,2024-09-26 12:45:15.493387
KevinLAB,Building Energy Management System,True,True,0,0.0,2,10,138,{},CVE-2021-37291,6698,2025-05-05 12:51:43.893476
Fortinet,FortiOS and FortiProxy,True,True,0,,0,0,30,,CVE-2024-21762,170,2024-06-17 12:01:06.101976
RAISECOM,"RAISECOM MSG1200, MSG2100E, MSG2200 and MSG2300",True,True,0,0.0,16,10,53,{},CVE-2024-7120,3390,2025-05-05 12:51:43.935355
SimpleHelp,SimpleHelp,True,True,0,0.0,0,0,9,{},CVE-2024-57727,39,2025-05-06 12:52:58.628769
Lumis,LumisXP,True,True,0,0.0,3,158,354,{},CVE-2021-27931,20815,2025-05-05 12:51:44.019868
Four-Faith,Four-Faith F3x36,True,True,0,0.0,1,3,95,{},CVE-2024-9644,4710,2025-04-27 12:44:27.990155
CyberPanel,CyberPanel,True,True,0,0.0,16,16,53,{},CVE-2024-51567,4224,2025-03-26 12:49:20.318874
GeoServer,GeoServer,True,True,0,0.0,396,245,117,{},CVE-2021-40822,10074,2025-04-29 12:54:13.704092
Adobe,Adobe Commerce and Magento Open Source,True,True,0,0.0,0,1,1,{},CVE-2024-34102,5,2025-01-31 12:41:59.510161
Apache,OFBiz,True,True,0,0.0,1,1,1,{},CVE-2024-32113,2981,2025-04-15 12:50:19.614429
SolarWinds,Serv-U,True,True,0,0.0,32,145,114,{},CVE-2021-35250,9857,2025-05-05 12:51:44.013964
Wordpress,Wordpress Paid Memberships Pro plugin,True,True,0,0.0,26,202,519,{},CVE-2021-25114,27921,2025-05-05 12:51:43.928866
Citrix,Citrix Virtual Apps and Desktops,True,True,0,0.0,0,1,116,{},CVE-2024-8069,4610,2025-03-21 12:46:42.132301
Alibaba,Nacos,True,True,0,0.0,126,48,248,{},CVE-2021-29441,32664,2025-05-06 12:52:58.544590
FatPipe,FatPipe WARP/IPVPN/MPVPN,True,True,0,0.0,3,11,145,{},CVE-2021-27855,6618,2025-05-05 12:51:43.900858
Totolink,Totolink EX1800T,True,True,0,0.0,18,15,76,{},CVE-2024-34257,5210,2025-05-05 12:51:43.908627
Symantec,Symantec Web Gateway 5.0.2.8,True,True,0,0.0,0,0,2,{},CVE-2012-0297,2,2025-04-08 12:50:16.319380
